能源別,機組別,機組容量,11:20,11:30,11:40,11:50,12:00,12:10,12:20,12:30,12:40,12:50,13:00,13:10,13:20,13:30,13:40,13:50,13:50,14:00,14:10,14:20,14:30,14:40,14:50,15:00,15:10,15:30,15:30,15:30,15:40,15:40,15:50,16:00,16:10,16:20,16:30,16:40
核能,核二#2,985.0,475.9,474.6,475.9,475.9,475.9,477.3,478.6,478.6,478.6,480.0,481.3,481.3,481.3,481.3,482.6,484.0,484.0,486.7,488.0,489.3,488.0,490.7,492.0,492.0,492.0,494.7,494.7,494.7,497.4,497.4,497.4,497.4,498.7,501.4,500.1,504.1
,,,運轉限制,運轉限制,運轉限制,運轉限制,運轉限制,運轉限制,運轉限制,運轉限制,運轉限制,運轉限制,運轉限制,運轉限制,運轉限制,運轉限制,運轉限制,運轉限制,運轉限制,運轉限制,運轉限制,運轉限制,運轉限制,運轉限制,運轉限制,運轉限制,運轉限制,運轉限制,運轉限制,運轉限制,運轉限制,運轉限制,運轉限制,運轉限制,運轉限制,運轉限制,運轉限制,運轉限制
核能,核三#1,951.0,935.8,935.8,935.8,935.8,934.7,937.0,935.8,935.8,934.7,934.7,934.7,937.0,937.0,937.0,935.8,940.4,940.4,941.5,941.5,941.5,942.6,942.6,941.5,942.6,942.6,944.9,944.9,944.9,944.9,944.9,943.8,944.9,946.1,944.9,943.8,944.9
,,, , , , , , , , , , , , , , , , , , , , , , , , , , , , , , , , , , , , 
核能,核三#2,951.0,933.5,933.5,933.5,933.5,931.3,933.5,932.4,932.4,930.1,931.3,931.3,933.5,931.3,934.7,931.3,933.5,933.5,937.0,937.0,938.1,938.1,938.1,938.1,938.1,938.1,940.4,940.4,940.4,940.4,940.4,938.1,940.4,941.5,941.5,941.5,941.5
,,, , , , , , , , , , , , , , , , , , , , , , , , , , , , , , , , , , , , 
燃煤,林口#1,800.0,755.8,757.5,754.0,758.0,761.0,755.6,758.1,758.9,759.6,756.7,753.9,753.8,754.7,753.3,753.3,752.8,752.8,752.7,753.6,753.2,752.8,754.7,753.7,756.1,756.9,757.1,757.1,757.1,752.7,752.7,755.9,754.4,754.9,756.9,753.7,756.3
,,, , , , , , , , , , , , , , , , , , , , , , , , , , , , , , , , , , , , 
燃煤,林口#2,800.0,757.8,760.0,759.3,758.1,758.9,752.1,758.6,759.2,759.5,759.2,758.8,757.6,763.3,756.6,756.4,759.2,759.2,754.9,755.4,753.2,753.4,755.9,755.3,753.8,754.4,757.3,757.3,757.3,752.6,752.6,756.2,754.6,756.9,758.1,757.3,757.1
,,, , , , , , , , , , , , , , , , , , , , , , , , , , , , , , , , , , , , 
燃煤,林口#3,800.0,750.0,753.7,749.8,753.1,753.0,749.5,750.6,749.6,750.3,752.1,749.3,753.1,753.4,751.7,748.8,748.6,748.6,748.4,749.7,753.3,747.3,749.3,749.3,749.2,752.7,754.3,754.3,754.3,748.0,748.0,752.7,748.8,751.6,753.6,751.5,752.0
,,, , , , , , , , , , , , , , , , , , , , , , , , , , , , , , , , , , , , 
燃煤,台中#1,550.0,489.4,492.7,495.7,494.2,491.3,493.7,494.3,504.0,502.4,501.7,507.7,506.2,503.3,502.4,501.4,498.1,498.1,500.5,499.5,507.7,499.3,502.4,498.3,502.4,500.0,504.8,504.8,504.8,498.4,498.4,507.9,499.9,499.9,504.8,502.9,500.6
,,,運轉限制,運轉限制,運轉限制,運轉限制,運轉限制,運轉限制,運轉限制,運轉限制,運轉限制,運轉限制,運轉限制,運轉限制,運轉限制,運轉限制,運轉限制,運轉限制,運轉限制,運轉限制,運轉限制,運轉限制,運轉限制,運轉限制,運轉限制,運轉限制,運轉限制,運轉限制,運轉限制,運轉限制,運轉限制,運轉限制,運轉限制,運轉限制,運轉限制,運轉限制,運轉限制,運轉限制
燃煤,台中#2,550.0,154.1,158.0,132.9,101.8,89.0,68.8,42.1,161.9,0.0,0.0,0.0,0.0,0.0,0.0,0.0,0.0,0.0,0.0,0.0,0.0,0.0,0.0,0.0,0.0,0.0,0.0,0.0,0.0,0.0,0.0,0.0,0.0,0.0,0.0,0.0,0.0
,,,故障,故障,故障,故障,故障,故障,故障,故障,故障,故障,故障,故障,故障,故障,故障,故障,故障,故障,故障,故障,故障,故障,故障,故障,故障,故障,故障,故障,故障,故障,故障,故障,故障,故障,故障,故障
燃煤,台中#3,550.0,496.0,501.4,496.7,503.0,500.6,499.8,500.6,500.6,501.1,501.5,501.3,505.1,506.1,501.3,502.0,499.6,499.6,501.8,501.0,500.1,501.0,502.5,497.7,503.2,500.6,501.3,501.3,501.3,502.8,502.8,503.9,502.1,503.7,496.0,493.5,502.3
,,,運轉限制,運轉限制,運轉限制,運轉限制,運轉限制,運轉限制,運轉限制,運轉限制,運轉限制,運轉限制,運轉限制,運轉限制,運轉限制,運轉限制,運轉限制,運轉限制,運轉限制,運轉限制,運轉限制,運轉限制,運轉限制,運轉限制,運轉限制,運轉限制,運轉限制,運轉限制,運轉限制,運轉限制,運轉限制,運轉限制,運轉限制,運轉限制,運轉限制,運轉限制,運轉限制,運轉限制
燃煤,台中#4,550.0,481.3,485.3,480.6,482.7,486.4,480.3,478.7,481.9,480.6,487.7,483.0,486.0,485.1,481.9,484.1,481.7,481.7,484.8,485.6,488.1,472.7,425.7,391.2,436.1,463.7,533.6,533.6,533.6,520.1,520.1,518.7,511.4,511.2,513.1,512.0,509.2
,,,運轉限制,運轉限制,運轉限制,運轉限制,運轉限制,運轉限制,運轉限制,運轉限制,運轉限制,運轉限制,運轉限制,運轉限制,運轉限制,運轉限制,運轉限制,運轉限制,運轉限制,運轉限制,運轉限制,運轉限制,運轉限制,運轉限制,運轉限制,運轉限制,運轉限制,運轉限制,運轉限制,運轉限制,運轉限制,運轉限制,運轉限制,運轉限制,運轉限制,運轉限制,運轉限制,運轉限制
燃煤,台中#5,550.0,526.8,523.6,526.0,528.5,525.4,528.6,531.6,534.6,532.9,531.1,530.7,530.7,530.9,530.8,529.9,533.8,533.8,529.8,530.7,532.1,533.3,533.4,532.5,528.2,529.6,532.1,532.1,532.1,532.2,532.2,531.3,530.4,531.1,534.3,528.9,531.3
,,, , , , , , , , , , , , , , , , , , , , , , , , , , , , , , , , , , , , 
燃煤,台中#6,550.0,536.4,537.3,534.9,535.6,534.2,534.1,534.2,533.4,534.9,534.1,538.7,534.9,534.3,536.5,533.3,536.3,536.3,534.8,533.3,535.5,534.7,534.7,536.3,531.6,534.8,533.2,533.2,533.2,533.1,533.1,533.2,534.0,534.0,534.7,535.5,535.5
,,, , , , , , , , , , , , , , , , , , , , , , , , , , , , , , , , , , , , 
燃煤,台中#7,550.0,0.0,0.0,0.0,0.0,0.0,0.0,0.0,0.0,0.0,0.0,0.0,0.0,0.0,0.0,0.0,0.0,0.0,0.0,0.0,0.0,0.0,0.0,0.0,0.0,0.0,0.0,0.0,0.0,0.0,0.0,0.0,0.0,0.0,0.0,0.0,0.0
,,,歲修,歲修,歲修,歲修,歲修,歲修,歲修,歲修,歲修,歲修,歲修,歲修,歲修,歲修,歲修,歲修,歲修,歲修,歲修,歲修,歲修,歲修,歲修,歲修,歲修,歲修,歲修,歲修,歲修,歲修,歲修,歲修,歲修,歲修,歲修,歲修
燃煤,台中#8,550.0,527.5,526.2,528.6,527.9,526.1,526.8,528.4,526.8,527.6,530.0,528.3,529.2,529.2,524.5,524.4,530.0,530.0,526.2,529.3,526.0,529.1,526.8,527.6,526.8,528.4,527.7,527.7,527.7,526.7,526.7,527.6,528.2,524.4,530.7,528.3,526.8
,,, , , , , , , , , , , , , , , , , , , , , , , , , , , , , , , , , , , , 
燃煤,台中#9,550.0,495.5,494.6,491.7,491.9,495.3,493.1,493.1,489.3,487.9,489.9,490.4,490.4,488.4,492.4,490.9,492.4,492.4,495.0,495.1,495.1,492.4,495.4,491.8,488.6,488.4,488.9,488.9,488.9,493.0,493.0,491.2,490.5,493.0,496.0,491.4,492.1
,,,運轉限制,運轉限制,運轉限制,運轉限制,運轉限制,運轉限制,運轉限制,運轉限制,運轉限制,運轉限制,運轉限制,運轉限制,運轉限制,運轉限制,運轉限制,運轉限制,運轉限制,運轉限制,運轉限制,運轉限制,運轉限制,運轉限制,運轉限制,運轉限制,運轉限制,運轉限制,運轉限制,運轉限制,運轉限制,運轉限制,運轉限制,運轉限制,運轉限制,運轉限制,運轉限制,運轉限制
燃煤,台中#10,550.0,523.4,522.7,528.9,526.1,523.4,524.6,522.6,524.6,520.0,524.1,520.7,518.6,521.3,517.2,520.6,515.8,515.8,522.7,511.8,523.3,514.3,522.5,517.2,524.0,521.9,522.6,522.6,522.6,516.5,516.5,519.2,522.6,518.5,522.5,533.3,532.6
,,,運轉限制,運轉限制,運轉限制,運轉限制,運轉限制,運轉限制,運轉限制,運轉限制,運轉限制,運轉限制,運轉限制,運轉限制,運轉限制,運轉限制,運轉限制,運轉限制,運轉限制,運轉限制,運轉限制,運轉限制,運轉限制,運轉限制,運轉限制,運轉限制,運轉限制,運轉限制,運轉限制,運轉限制,運轉限制,運轉限制,運轉限制,運轉限制,運轉限制,運轉限制,運轉限制,運轉限制
燃煤,興達#1,500.0,473.3,473.3,474.6,479.0,481.5,475.9,475.2,477.1,480.3,476.5,477.8,478.4,476.5,475.9,476.5,482.2,482.2,474.0,479.6,480.3,482.2,471.4,475.2,477.1,478.4,476.5,476.5,476.5,479.0,479.0,475.9,482.8,474.0,479.0,474.6,481.5
,,, , , , , , , , , , , , , , , , , , , , , , , , , , , , , , , , , , , , 
燃煤,興達#2,500.0,349.2,353.7,348.0,349.9,351.1,351.8,353.7,354.9,356.8,361.3,358.1,357.5,354.9,358.1,357.5,362.5,362.5,356.8,361.9,365.1,368.2,375.8,379.6,382.8,373.9,382.1,382.1,382.1,384.0,384.0,380.9,380.9,381.5,385.3,388.5,388.5
,,,運轉限制,運轉限制,運轉限制,運轉限制,運轉限制,運轉限制,運轉限制,運轉限制,運轉限制,運轉限制,運轉限制,運轉限制,運轉限制,運轉限制,運轉限制,運轉限制,運轉限制,運轉限制,運轉限制,運轉限制,運轉限制,運轉限制,運轉限制,運轉限制,運轉限制,運轉限制,運轉限制,運轉限制,運轉限制,運轉限制,運轉限制,運轉限制,運轉限制,運轉限制,運轉限制,運轉限制
燃煤,興達#3,550.0,516.8,523.7,513.7,513.7,519.1,522.9,516.8,520.6,525.2,521.4,511.4,518.3,519.1,509.1,522.1,527.5,527.5,519.1,518.3,513.7,512.9,517.5,513.7,517.5,512.9,519.8,519.8,519.8,519.8,519.8,522.1,515.2,517.5,519.1,521.4,523.7
,,, , , , , , , , , , , , , , , , , , , , , , , , , , , , , , , , , , , , 
燃煤,興達#4,550.0,520.2,517.8,522.5,520.2,522.5,517.8,517.1,517.8,515.5,524.0,526.3,523.2,516.3,514.8,520.2,520.9,520.9,524.0,523.2,520.2,517.8,520.2,520.9,520.2,520.9,514.8,514.8,514.8,521.7,521.7,522.5,520.2,518.6,524.8,521.7,523.2
,,, , , , , , , , , , , , , , , , , , , , , , , , , , , , , , , , , , , , 
燃煤,大林#1,800.0,761.0,759.4,757.9,759.4,761.0,757.0,758.6,761.6,758.6,760.1,758.6,758.6,758.6,758.6,757.0,757.0,757.0,757.0,757.0,754.0,758.6,757.0,758.6,757.0,758.6,757.0,757.0,757.0,757.0,757.0,757.0,757.0,758.6,758.6,757.0,755.5
,,, , , , , , , , , , , , , , , , , , , , , , , , , , , , , , , , , , , , 
燃煤,大林#2,800.0,749.8,749.8,749.8,749.8,749.8,748.3,747.4,752.9,751.4,750.5,749.8,751.4,749.8,747.4,749.8,747.4,747.4,749.8,749.0,746.8,747.4,749.8,747.4,747.4,748.3,749.8,749.8,749.8,748.3,748.3,751.4,747.4,747.4,751.4,749.8,748.3
,,, , , , , , , , , , , , , , , , , , , , , , , , , , , , , , , , , , , , 
汽電共生,汽電共生,618.0,411.4,413.2,453.5,430.3,376.9,442.3,416.0,271.0,393.3,423.1,421.1,379.5,399.5,436.4,435.7,437.5,437.5,454.1,437.7,498.7,519.1,571.7,501.1,454.7,493.9,489.6,489.6,489.6,558.0,558.0,438.4,505.7,472.4,480.1,566.9,523.5
,,, , , , , , , , , , , , , , , , , , , , , , , , , , , , , , , , , , , , 
民營電廠-燃煤,和平#1,648.6,591.1,598.5,594.1,602.4,599.7,602.9,596.8,602.0,602.7,603.5,596.5,602.0,593.7,594.9,601.0,600.8,600.8,602.9,601.0,598.3,591.3,604.0,601.8,599.2,589.7,599.9,599.9,599.9,599.7,599.7,605.9,595.0,602.9,600.3,595.6,597.5
,,, , , , , , , , , , , , , , , , , , , , , , , , , , , , , , , , , , , , 
民營電廠-燃煤,和平#2,648.6,600.6,585.2,601.1,598.8,598.7,588.8,595.4,601.8,588.9,605.8,602.3,602.0,594.0,601.9,588.4,588.3,588.3,608.6,589.6,596.5,591.4,602.2,590.2,595.3,600.3,615.1,615.1,615.1,590.6,590.6,585.6,595.4,593.2,608.3,598.9,597.9
,,, , , , , , , , , , , , , , , , , , , , , , , , , , , , , , , , , , , , 
民營電廠-燃煤,麥寮#1,600.0,180.2,188.6,189.3,189.1,185.1,182.8,184.5,186.2,188.0,188.7,189.3,188.1,189.4,189.3,188.0,190.1,190.1,188.1,189.0,186.7,188.6,189.6,195.5,193.7,193.2,193.9,193.9,193.9,194.0,194.0,192.7,193.3,191.7,192.6,193.6,194.7
,,,運轉限制,運轉限制,運轉限制,運轉限制,運轉限制,運轉限制,運轉限制,運轉限制,運轉限制,運轉限制,運轉限制,運轉限制,運轉限制,運轉限制,運轉限制,運轉限制,運轉限制,運轉限制,運轉限制,運轉限制,運轉限制,運轉限制,運轉限制,運轉限制,運轉限制,運轉限制,運轉限制,運轉限制,運轉限制,運轉限制,運轉限制,運轉限制,運轉限制,運轉限制,運轉限制,運轉限制
民營電廠-燃煤,麥寮#2,600.0,569.2,570.7,571.8,571.4,571.0,570.6,570.6,570.0,570.0,572.1,571.3,570.0,570.7,569.8,569.7,571.2,571.2,569.9,567.8,570.8,571.4,569.5,568.1,570.8,570.7,570.8,570.8,570.8,570.4,570.4,573.0,570.3,569.5,573.4,572.5,571.1
,,, , , , , , , , , , , , , , , , , , , , , , , , , , , , , , , , , , , , 
民營電廠-燃煤,麥寮#3,600.0,572.6,571.8,568.6,569.2,569.5,568.6,569.0,568.6,571.0,570.8,572.8,571.6,570.1,572.2,569.8,570.3,570.3,571.6,571.1,573.8,572.5,572.5,573.7,571.5,573.3,574.0,574.0,574.0,573.3,573.3,574.0,574.3,572.1,573.4,574.2,573.0
,,, , , , , , , , , , , , , , , , , , , , , , , , , , , , , , , , , , , , 
燃氣,大潭CC#1,742.7,591.5,593.7,591.9,590.3,590.3,591.2,592.4,588.9,590.8,589.7,592.1,592.4,588.7,590.0,590.2,591.1,591.1,590.7,588.8,589.4,590.4,588.6,591.5,587.8,586.6,586.6,586.6,586.6,587.6,587.6,588.3,587.7,586.9,586.2,586.6,588.6
,,,運轉限制,運轉限制,運轉限制,運轉限制,運轉限制,運轉限制,運轉限制,運轉限制,運轉限制,運轉限制,運轉限制,運轉限制,運轉限制,運轉限制,運轉限制,運轉限制,運轉限制,運轉限制,運轉限制,運轉限制,運轉限制,運轉限制,運轉限制,運轉限制,運轉限制,運轉限制,運轉限制,運轉限制,運轉限制,運轉限制,運轉限制,運轉限制,運轉限制,運轉限制,運轉限制,運轉限制
燃氣,大潭CC#2,742.7,648.3,648.3,648.7,646.5,646.0,646.9,649.6,647.2,648.7,645.1,649.2,649.2,646.3,647.0,646.3,647.8,647.8,643.0,645.8,642.0,644.6,646.9,645.0,647.3,632.2,618.4,618.4,618.4,637.4,637.4,619.3,640.0,612.1,601.1,594.5,594.9
,,,運轉限制,運轉限制,運轉限制,運轉限制,運轉限制,運轉限制,運轉限制,運轉限制,運轉限制,運轉限制,運轉限制,運轉限制,運轉限制,運轉限制,運轉限制,運轉限制,運轉限制,運轉限制,運轉限制,運轉限制,運轉限制,運轉限制,運轉限制,運轉限制,運轉限制,運轉限制,運轉限制,運轉限制,運轉限制,運轉限制,運轉限制,運轉限制,運轉限制,運轉限制,運轉限制,運轉限制
燃氣,大潭CC#3,724.7,659.2,651.9,656.6,655.6,655.8,650.0,656.0,655.1,654.7,653.9,653.1,657.8,651.2,652.6,655.4,652.3,652.3,656.5,656.0,651.6,614.4,586.4,603.8,594.3,618.1,605.9,605.9,605.9,622.6,622.6,616.0,631.8,619.8,596.0,594.4,594.4
,,, , , , , , , , , , , , , , , , , , , , , , , , , , , , , , , , , , , , 
燃氣,大潭CC#4,724.7,671.2,667.7,670.6,672.7,670.3,671.7,671.2,672.8,669.8,670.7,671.7,666.8,667.3,667.3,668.8,666.4,666.4,660.0,669.3,662.9,623.4,590.3,592.8,587.9,600.6,610.9,610.9,610.9,634.2,634.2,619.1,647.4,612.0,598.6,586.0,584.0
,,, , , , , , , , , , , , , , , , , , , , , , , , , , , , , , , , , , , , 
燃氣,大潭CC#5,724.7,656.1,656.7,656.7,655.7,654.2,653.3,651.8,650.8,653.3,649.0,648.5,647.4,646.5,654.1,655.7,655.6,655.6,648.3,611.4,557.1,599.7,604.9,600.2,566.0,602.6,628.9,628.9,628.9,648.9,648.9,674.3,676.1,680.0,676.6,677.1,680.0
,,, , , , , , , , , , , , , , , , , , , , , , , , , , , , , , , , , , , , 
燃氣,大潭CC#6,724.7,663.8,663.9,663.9,662.4,662.5,662.4,662.4,662.4,663.9,662.4,663.9,662.4,662.4,661.0,660.9,662.4,662.4,655.0,636.1,584.8,637.7,624.6,623.1,611.4,618.7,637.6,637.6,637.6,659.5,659.5,675.6,674.2,677.1,675.7,674.2,672.7
,,, , , , , , , , , , , , , , , , , , , , , , , , , , , , , , , , , , , , 
燃氣,大潭CC#7,600.0,0.0,0.0,0.0,0.0,0.0,0.0,0.0,0.0,0.0,0.0,0.0,0.0,0.0,0.0,0.0,0.0,0.0,0.0,0.0,0.0,0.0,0.0,0.0,0.0,0.0,0.0,0.0,0.0,0.0,0.0,0.0,0.0,0.0,0.0,0.0,0.0
,,,檢修,檢修,檢修,檢修,檢修,檢修,檢修,檢修,檢修,檢修,檢修,檢修,檢修,檢修,檢修,檢修,檢修,檢修,檢修,檢修,檢修,檢修,檢修,檢修,檢修,檢修,檢修,檢修,檢修,檢修,檢修,檢修,檢修,檢修,檢修,檢修
燃氣,通霄CC#1,892.6,848.1,842.5,845.2,852.6,856.2,846.7,845.2,855.2,855.7,849.3,855.6,846.0,846.0,845.6,843.1,844.1,844.1,832.2,839.9,831.3,838.1,835.5,836.7,835.5,839.9,838.5,838.5,838.5,834.1,834.1,838.5,843.1,846.1,840.7,843.2,843.9
,,, , , , , , , , , , , , , , , , , , , , , , , , , , , , , , , , , , , , 
燃氣,通霄CC#2,892.6,862.9,858.4,861.0,867.4,867.9,861.5,860.4,867.6,866.5,862.6,869.0,859.6,865.8,857.6,856.8,863.4,863.4,849.0,857.7,848.0,855.8,854.8,854.9,855.8,863.7,857.3,857.3,857.3,854.6,854.6,861.0,865.5,868.4,861.0,858.9,859.0
,,, , , , , , , , , , , , , , , , , , , , , , , , , , , , , , , , , , , , 
燃氣,通霄CC#3,892.6,863.2,858.1,862.7,864.2,866.8,860.3,858.8,869.3,869.3,861.3,868.8,857.9,864.5,856.3,856.2,862.0,862.0,845.3,857.0,845.8,853.1,851.5,851.6,851.9,861.0,853.4,853.4,853.4,849.2,849.2,855.0,862.0,865.5,854.1,854.5,854.1
,,, , , , , , , , , , , , , , , , , , , , , , , , , , , , , , , , , , , , 
燃氣,通霄CC#4,386.0,319.6,309.8,328.8,314.6,334.4,334.7,334.3,334.2,334.0,334.2,334.3,334.0,334.3,333.9,333.9,334.7,334.7,333.4,317.3,306.5,307.8,316.7,318.1,310.3,320.2,322.3,322.3,322.3,330.1,330.1,327.0,332.2,323.6,313.4,307.4,316.9
,,,運轉限制,運轉限制,運轉限制,運轉限制,運轉限制,運轉限制,運轉限制,運轉限制,運轉限制,運轉限制,運轉限制,運轉限制,運轉限制,運轉限制,運轉限制,運轉限制,運轉限制,運轉限制,運轉限制,運轉限制,運轉限制,運轉限制,運轉限制,運轉限制,運轉限制,運轉限制,運轉限制,運轉限制,運轉限制,運轉限制,運轉限制,運轉限制,運轉限制,運轉限制,運轉限制,運轉限制
燃氣,通霄CC#5,386.0,324.0,322.4,320.5,319.9,352.0,353.6,353.9,354.5,353.9,353.8,354.1,353.8,353.0,353.2,353.4,353.6,353.6,350.3,324.4,322.6,327.1,326.9,329.2,323.6,329.8,323.2,323.2,323.2,322.0,322.0,323.2,320.3,325.5,323.6,324.6,330.5
,,, , , , , , , , , , , , , , , , , , , , , , , , , , , , , , , , , , , , 
燃氣,通霄CC#6,321.2,284.7,298.7,310.5,309.2,310.8,308.9,305.2,310.3,308.3,291.1,303.9,296.8,310.3,309.3,308.6,301.9,301.9,269.9,283.5,278.0,307.5,296.1,311.1,288.7,307.7,287.1,287.1,287.1,307.1,307.1,279.3,295.5,299.2,292.0,290.4,300.0
,,, , , , , , , , , , , , , , , , , , , , , , , , , , , , , , , , , , , , 
燃氣,興達CC#1,445.2,453.4,437.7,453.2,455.7,439.4,439.3,453.9,454.5,454.1,419.9,451.6,431.7,376.5,452.2,422.8,391.5,391.5,328.6,432.4,452.4,452.6,449.1,448.2,454.9,456.0,452.8,452.8,452.8,456.0,456.0,448.8,455.9,343.2,331.0,448.0,456.0
,,, , , , , , , , , , , , , , , , , , , , , , , , , , , , , , , , , , , , 
燃氣,興達CC#2,445.2,406.4,406.2,406.9,405.9,407.1,409.5,407.0,413.3,415.2,408.1,408.5,405.4,412.2,403.8,406.2,405.7,405.7,398.8,403.0,398.3,401.9,405.3,402.4,405.8,405.8,406.1,406.1,406.1,401.6,401.6,414.6,406.7,406.1,404.3,405.5,405.3
,,, , , , , , , , , , , , , , , , , , , , , , , , , , , , , , , , , , , , 
燃氣,興達CC#3,445.2,359.1,361.7,385.4,358.6,362.4,382.1,388.6,432.7,455.2,416.0,360.7,448.0,357.3,386.8,368.3,358.7,358.7,358.2,358.2,359.3,357.8,358.5,414.6,451.7,433.0,396.2,396.2,396.2,368.3,368.3,388.5,369.5,358.3,359.3,359.8,438.3
,,, , , , , , , , , , , , , , , , , , , , , , , , , , , , , , , , , , , , 
燃氣,興達CC#4,445.2,346.9,342.1,348.3,338.5,367.5,384.6,383.7,385.4,384.3,384.1,384.6,384.5,385.0,383.7,377.9,358.2,358.2,333.0,337.6,334.0,338.8,338.9,342.1,339.3,340.7,363.9,363.9,363.9,357.2,357.2,345.5,347.8,338.6,334.6,341.6,339.5
,,, , , , , , , , , , , , , , , , , , , , , , , , , , , , , , , , , , , , 
燃氣,興達CC#5,445.2,450.6,449.6,449.7,449.7,449.9,449.0,449.3,449.8,448.3,445.2,448.0,433.0,444.8,449.3,447.5,442.9,442.9,346.9,372.0,358.8,382.4,448.0,443.0,445.8,448.1,442.0,442.0,442.0,449.0,449.0,430.9,446.9,441.4,443.5,448.9,449.9
,,, , , , , , , , , , , , , , , , , , , , , , , , , , , , , , , , , , , , 
燃氣,南部CC#1,288.8,279.6,273.2,295.1,279.3,294.6,295.8,295.8,296.7,295.8,296.1,296.1,296.3,295.1,295.2,292.3,285.8,285.8,259.2,243.3,212.7,203.1,197.4,203.1,209.0,205.4,224.5,224.5,224.5,234.8,234.8,284.9,286.6,269.4,271.8,267.7,272.4
,,, , , , , , , , , , , , , , , , , , , , , , , , , , , , , , , , , , , , 
燃氣,南部CC#2,288.8,225.6,210.1,253.2,222.2,248.0,289.3,291.0,290.8,290.8,290.0,290.8,291.1,290.0,290.0,267.4,205.5,205.5,201.3,204.5,202.1,203.6,205.2,189.6,192.3,198.7,196.3,196.3,196.3,204.6,204.6,208.6,217.4,194.6,216.5,197.8,190.7
,,, , , , , , , , , , , , , , , , , , , , , , , , , , , , , , , , , , , , 
燃氣,南部CC#3,288.8,233.7,234.6,234.8,234.5,237.8,297.6,297.4,293.3,292.7,292.8,293.0,293.6,292.8,292.4,279.0,233.4,233.4,227.4,230.8,227.1,230.2,232.2,230.9,232.6,232.6,234.0,234.0,234.0,230.0,230.0,248.7,233.5,234.0,233.1,232.3,231.7
,,, , , , , , , , , , , , , , , , , , , , , , , , , , , , , , , , , , , , 
燃氣,南部CC#4,251.4,225.4,222.9,219.6,219.2,219.2,221.2,220.0,221.6,223.3,220.4,220.4,218.7,226.6,225.4,225.4,226.2,226.2,203.4,177.4,168.3,169.1,168.7,175.3,178.2,195.6,222.5,222.5,222.5,229.1,229.1,223.7,227.8,202.6,221.6,208.8,212.1
,,, , , , , , , , , , , , , , , , , , , , , , , , , , , , , , , , , , , , 
燃氣,大林#5,500.0,273.5,276.1,274.8,275.5,278.1,310.1,338.2,371.5,393.7,395.6,400.2,428.3,429.6,428.9,427.6,428.3,428.3,423.0,395.0,411.3,428.3,430.2,430.9,425.0,400.8,398.9,398.9,398.9,400.2,400.2,404.8,434.8,431.5,430.9,427.6,430.2
,,, , , , , , , , , , , , , , , , , , , , , , , , , , , , , , , , , , , , 
燃氣,大林#6,550.0,418.2,419.0,417.4,418.2,429.0,459.8,486.8,489.8,489.8,494.5,512.9,529.1,539.9,537.6,536.8,537.6,537.6,533.0,503.7,474.4,443.6,438.2,439.8,428.2,398.9,388.9,388.9,388.9,391.2,391.2,406.6,437.5,466.0,496.0,519.9,539.1
,,, , , , , , , , , , , , , , , , , , , , , , , , , , , , , , , , , , , , 
民營電廠-燃氣,海湖#1,450.0,446.2,445.7,445.8,446.6,445.8,445.7,445.2,445.3,445.4,447.1,446.1,446.3,444.7,444.5,445.0,444.8,444.8,445.2,445.0,442.7,445.1,444.0,445.5,428.5,394.8,395.5,395.5,395.5,395.2,395.2,442.5,444.7,444.5,444.9,443.3,444.7
,,, , , , , , , , , , , , , , , , , , , , , , , , , , , , , , , , , , , , 
民營電廠-燃氣,海湖#2,450.0,0.0,0.0,0.0,0.0,0.0,0.0,0.0,0.0,0.0,0.0,0.0,0.0,0.0,0.0,0.0,0.0,0.0,0.0,0.0,0.0,0.0,0.0,0.0,0.0,0.0,0.0,0.0,0.0,0.0,0.0,0.0,0.0,0.0,0.0,0.0,0.0
,,,檢修,檢修,檢修,檢修,檢修,檢修,檢修,檢修,檢修,檢修,檢修,檢修,檢修,檢修,檢修,檢修,檢修,檢修,檢修,檢修,檢修,檢修,檢修,檢修,檢修,檢修,檢修,檢修,檢修,檢修,檢修,檢修,檢修,檢修,檢修,檢修
民營電廠-燃氣,新桃#1,630.0,0.0,0.0,0.0,0.0,0.0,54.8,58.6,89.5,154.2,306.4,417.0,431.4,431.4,433.5,434.1,433.5,433.5,433.5,433.0,434.6,433.0,433.0,435.7,432.5,433.0,434.6,434.6,434.6,434.6,434.6,432.5,434.6,435.1,437.3,436.7,435.7
,,,部分故障,部分故障,部分故障,部分故障,部分故障,部分故障,部分故障,部分故障,部分故障,部分故障,部分故障,部分故障,部分故障,部分故障,部分故障,部分故障,部分故障,部分故障,部分故障,部分故障,部分故障,部分故障,部分故障,部分故障,部分故障,部分故障,部分故障,部分故障,部分故障,部分故障,部分故障,部分故障,部分故障,部分故障,部分故障,部分故障
民營電廠-燃氣,國光#1,480.0,433.5,432.5,433.4,433.4,432.0,432.8,435.1,434.8,433.3,432.9,434.2,435.5,430.8,432.3,432.3,430.7,430.7,430.4,430.3,422.4,422.7,422.1,418.2,417.0,417.6,422.3,422.3,422.3,423.3,423.3,425.2,426.0,430.9,431.5,431.3,433.3
,,, , , , , , , , , , , , , , , , , , , , , , , , , , , , , , , , , , , , 
民營電廠-燃氣,星彰#1,506.9,0.0,0.0,0.0,0.0,0.0,0.0,0.0,0.0,0.0,0.0,0.0,0.0,0.0,0.0,0.0,0.0,0.0,33.3,77.1,89.9,212.4,249.2,458.7,482.0,487.9,487.4,487.4,487.4,487.6,487.6,483.3,488.8,486.5,489.6,490.1,487.5
,,,配合綠電先行,配合綠電先行,配合綠電先行,配合綠電先行,配合綠電先行,配合綠電先行,配合綠電先行,配合綠電先行,配合綠電先行,配合綠電先行,配合綠電先行,配合綠電先行,配合綠電先行,配合綠電先行,配合綠電先行,配合綠電先行,配合綠電先行,配合綠電先行,配合綠電先行,配合綠電先行,配合綠電先行,配合綠電先行,配合綠電先行,配合綠電先行,配合綠電先行,配合綠電先行,配合綠電先行,配合綠電先行,配合綠電先行,配合綠電先行,配合綠電先行, , , , , 
民營電廠-燃氣,星元#1,490.0,511.7,510.5,512.2,512.3,512.0,511.1,511.9,510.8,509.9,510.5,511.4,510.2,510.5,510.2,510.5,510.2,510.2,511.4,512.3,512.2,512.5,511.0,511.6,512.5,456.2,458.4,458.4,458.4,512.0,512.0,509.6,513.2,511.2,511.4,511.1,511.7
,,, , , , , , , , , , , , , , , , , , , , , , , , , , , , , , , , , , , , 
民營電廠-燃氣,嘉惠#1,700.0,0.0,0.0,0.0,0.0,0.0,0.0,0.0,0.0,0.0,0.0,0.0,48.8,52.5,128.9,200.4,256.8,256.8,456.7,688.1,687.0,687.0,687.0,687.0,687.0,687.0,687.0,687.0,687.0,687.0,687.0,687.0,687.0,687.0,687.0,687.0,687.0
,,,配合綠電先行,配合綠電先行,配合綠電先行,配合綠電先行,配合綠電先行,配合綠電先行,配合綠電先行,配合綠電先行,配合綠電先行,配合綠電先行, , , , , , , , , , , , , , , , , , , , , , , , , , 
民營電廠-燃氣,嘉惠#2,510.0,502.8,504.1,503.1,503.4,503.1,504.7,505.0,501.3,502.9,503.5,503.4,501.8,499.4,501.2,502.4,503.1,503.1,502.2,500.1,500.7,426.8,355.0,359.2,358.6,359.6,475.8,475.8,475.8,502.6,502.6,501.2,500.0,500.6,497.3,503.6,505.5
,,, , , , , , , , , , , , , , , , , , , , , , , , , , , , , , , , , , , , 
民營電廠-燃氣,豐德#1,506.9,79.0,195.5,271.4,456.2,473.8,472.4,470.8,467.7,468.5,471.5,467.4,470.9,468.6,466.5,469.6,466.8,466.8,467.4,468.4,469.0,468.5,471.0,471.4,469.3,468.7,471.4,471.4,471.4,472.4,472.4,470.8,472.0,472.6,474.3,473.2,474.2
,,, , , , , , , , , , , , , , , , , , , , , , , , , , , , , , , , , , , , 
民營電廠-燃氣,豐德#2,506.9,0.0,0.0,0.0,0.0,0.0,0.0,0.0,15.1,77.1,93.4,215.0,427.0,462.8,466.6,467.5,465.2,465.2,465.2,468.2,467.4,467.1,469.2,471.5,468.3,468.8,469.3,469.3,469.3,471.2,471.2,468.2,470.7,472.4,473.5,471.6,473.2
,,,配合綠電先行,配合綠電先行,配合綠電先行,配合綠電先行,配合綠電先行,配合綠電先行,配合綠電先行, , , , , , , , , , , , , , , , , , , , , , , , , , , , , 
燃油,協和#3,500.0,133.5,133.5,133.5,132.9,133.5,134.1,132.9,134.1,134.1,134.1,132.9,149.5,177.6,199.3,224.2,238.3,238.3,235.7,238.9,237.0,236.3,235.7,237.0,235.7,234.4,235.7,235.7,235.7,235.7,235.7,235.1,254.9,283.0,321.3,343.0,383.3
,,,運轉限制,運轉限制,運轉限制,運轉限制,運轉限制,運轉限制,運轉限制,運轉限制,運轉限制,運轉限制,運轉限制,運轉限制,運轉限制,運轉限制,運轉限制,運轉限制,運轉限制,運轉限制,運轉限制,運轉限制,運轉限制,運轉限制,運轉限制,運轉限制,運轉限制,運轉限制,運轉限制,運轉限制,運轉限制,運轉限制,運轉限制,運轉限制,運轉限制,運轉限制,運轉限制,運轉限制
燃油,協和#4,500.0,139.7,139.1,139.1,139.7,139.1,139.1,138.5,138.5,139.7,139.1,138.5,143.6,165.9,194.0,229.1,236.1,236.1,238.0,239.3,237.4,236.7,236.7,238.0,236.7,237.4,236.7,236.7,236.7,236.7,236.7,235.5,258.4,282.1,296.7,322.9,355.4
,,,運轉限制,運轉限制,運轉限制,運轉限制,運轉限制,運轉限制,運轉限制,運轉限制,運轉限制,運轉限制,運轉限制,運轉限制,運轉限制,運轉限制,運轉限制,運轉限制,運轉限制,運轉限制,運轉限制,運轉限制,運轉限制,運轉限制,運轉限制,運轉限制,運轉限制,運轉限制,運轉限制,運轉限制,運轉限制,運轉限制,運轉限制,運轉限制,運轉限制,運轉限制,運轉限制,運轉限制
燃油,澎湖尖山,129.8,33.2,33.4,33.6,33.2,33.7,34.6,33.6,34.4,34.7,33.2,33.9,32.5,44.4,69.6,78.9,90.8,90.8,91.0,93.6,92.5,93.8,93.9,93.4,95.2,95.8,96.3,96.3,96.3,94.0,94.0,98.4,95.7,95.8,93.3,94.3,93.9
,,,部分檢修,部分檢修,部分檢修,部分檢修,部分檢修,部分檢修,部分檢修,部分檢修,部分檢修,部分檢修,部分檢修,部分檢修,部分檢修,部分檢修,部分檢修,部分檢修,部分檢修,部分檢修,部分檢修,部分檢修,部分檢修,部分檢修,部分檢修,部分檢修,部分檢修,部分檢修,部分檢修,部分檢修,部分檢修,部分檢修,部分檢修,部分檢修,部分檢修,部分檢修,部分檢修,部分檢修
輕油,核二Gas1,-,0.0,0.0,0.0,0.0,0.0,0.0,0.0,0.0,0.0,0.0,0.0,0.0,0.0,0.0,0.0,0.0,0.0,0.0,0.0,0.0,0.0,0.0,0.0,0.0,0.0,0.0,0.0,0.0,0.0,0.0,0.0,0.0,0.0,0.0,0.0,0.0
,,, , , , , , , , , , , , , , , , , , , , , , , , , , , , , , , , , , , , 
輕油,核二Gas2,-,0.0,0.0,0.0,0.0,0.0,0.0,0.0,0.0,0.0,0.0,0.0,0.0,0.0,0.0,0.0,0.0,0.0,0.0,0.0,0.0,0.0,0.0,0.0,0.0,0.0,0.0,0.0,0.0,0.0,0.0,0.0,0.0,0.0,0.0,0.0,0.0
,,, , , , , , , , , , , , , , , , , , , , , , , , , , , , , , , , , , , , 
輕油,核三Gas1,-,0.0,0.0,0.0,0.0,0.0,0.0,0.0,0.0,0.0,0.0,0.0,0.0,0.0,0.0,0.0,0.0,0.0,0.0,0.0,0.0,0.0,0.0,0.0,0.0,0.0,0.0,0.0,0.0,0.0,0.0,0.0,0.0,0.0,0.0,0.0,0.0
,,, , , , , , , , , , , , , , , , , , , , , , , , , , , , , , , , , , , , 
輕油,核三Gas2,-,0.0,0.0,0.0,0.0,0.0,0.0,0.0,0.0,0.0,0.0,0.0,0.0,0.0,0.0,0.0,0.0,0.0,0.0,0.0,0.0,0.0,0.0,0.0,0.0,0.0,0.0,0.0,0.0,0.0,0.0,0.0,0.0,0.0,0.0,0.0,0.0
,,, , , , , , , , , , , , , , , , , , , , , , , , , , , , , , , , , , , , 
輕油,台中Gas1&2,140.0,0.0,0.0,0.0,0.0,0.0,0.0,0.0,0.0,0.0,0.0,0.0,0.0,0.0,0.0,0.0,0.0,0.0,0.0,0.0,0.0,0.0,0.0,0.0,0.0,0.0,0.0,0.0,0.0,0.0,0.0,0.0,0.0,0.0,0.0,0.0,0.0
,,, , , , , , , , , , , , , , , , , , , , , , , , , , , , , , , , , , , , 
輕油,台中Gas3&4,140.0,0.0,0.0,0.0,0.0,0.0,0.0,0.0,0.0,0.0,0.0,0.0,0.0,0.0,0.0,0.0,0.0,0.0,0.0,0.0,0.0,0.0,0.0,0.0,0.0,0.0,0.0,0.0,0.0,0.0,0.0,0.0,0.0,0.0,0.0,0.0,0.0
,,, , , , , , , , , , , , , , , , , , , , , , , , , , , , , , , , , , , , 
輕油,金門塔山,113.3,50.9,50.9,50.9,50.9,50.9,50.9,50.9,50.9,50.9,50.9,50.9,50.9,50.9,50.9,50.9,50.9,50.9,50.9,50.9,50.9,50.9,50.9,50.9,50.9,50.9,50.9,50.9,50.9,50.9,50.9,50.9,50.9,50.9,50.9,50.9,50.9
,,, , , , , , , , , , , , , , , , , , , , , , , , , , , , , , , , , , , , 
輕油,馬祖珠山,28.6,1.0,1.0,1.0,1.0,1.0,1.0,1.0,1.0,1.0,1.0,1.0,1.0,1.0,1.0,1.0,1.0,1.0,1.0,1.0,1.0,1.0,1.0,1.0,1.0,1.0,1.0,1.0,1.0,1.0,1.0,1.0,1.0,1.0,1.0,1.0,1.0
,,, , , , , , , , , , , , , , , , , , , , , , , , , , , , , , , , , , , , 
輕油,離島其他,40.8,N/A,N/A,N/A,N/A,N/A,N/A,N/A,N/A,N/A,N/A,N/A,N/A,N/A,N/A,N/A,N/A,N/A,N/A,N/A,N/A,N/A,N/A,N/A,N/A,N/A,N/A,N/A,N/A,N/A,N/A,N/A,N/A,N/A,N/A,N/A,N/A
,,, , , , , , , , , , , , , , , , , , , , , , , , , , , , , , , , , , , , 
水力,德基#1,78.0,29.9,36.4,39.2,32.8,56.9,53.4,45.3,50.0,72.9,47.9,50.9,30.3,56.1,31.1,30.4,30.1,30.1,30.4,30.2,30.4,30.0,30.3,30.5,30.3,30.1,37.7,37.7,37.7,29.6,29.6,47.4,38.6,38.2,30.2,29.5,30.1
,,, , , , , , , , , , , , , , , , , , , , , , , , , , , , , , , , , , , , 
水力,德基#2,78.0,0.0,0.0,0.0,0.0,0.0,0.0,0.0,0.0,0.0,0.0,0.0,0.0,0.0,0.0,0.0,0.0,0.0,0.0,0.0,0.0,0.0,0.0,0.0,0.0,0.0,0.0,0.0,0.0,0.0,0.0,0.0,0.0,0.0,0.0,0.0,0.0
,,, , , , , , , , , , , , , , , , , , , , , , , , , , , , , , , , , , , , 
水力,德基#3,78.0,0.0,0.0,0.0,0.0,0.0,0.0,0.0,0.0,0.0,0.0,0.0,0.0,0.0,0.0,0.0,0.0,0.0,0.0,0.0,0.0,0.0,0.0,0.0,0.0,0.0,38.8,38.8,38.8,31.5,31.5,50.9,40.7,39.5,30.2,30.1,30.1
,,, , , , , , , , , , , , , , , , , , , , , , , , , , , , , , , , , , , , 
水力,青山#1,92.0,7.9,7.9,15.1,12.9,17.1,27.1,14.3,14.9,25.1,15.9,25.0,5.7,14.4,7.2,5.2,6.4,6.4,5.2,5.4,5.2,6.1,4.7,5.9,5.9,5.6,7.4,7.4,7.4,5.1,5.1,10.7,6.2,20.6,5.9,5.2,4.7
,,, , , , , , , , , , , , , , , , , , , , , , , , , , , , , , , , , , , , 
水力,青山#2,92.0,13.8,13.6,13.4,13.1,18.3,24.3,13.3,16.6,28.5,15.3,25.0,10.7,16.3,12.8,9.7,12.1,12.1,7.9,9.6,7.6,9.2,10.1,9.1,11.6,11.1,13.3,13.3,13.3,8.6,8.6,16.8,12.1,19.1,11.6,10.6,10.1
,,, , , , , , , , , , , , , , , , , , , , , , , , , , , , , , , , , , , , 
水力,青山#3,92.0,5.9,10.7,15.3,14.1,17.3,27.1,13.8,15.3,26.5,15.9,25.8,5.6,15.1,5.7,5.2,6.6,6.6,5.2,6.2,5.1,6.7,5.4,6.1,4.7,5.4,6.2,6.2,6.2,5.4,5.4,7.2,6.2,19.8,5.6,4.6,4.1
,,, , , , , , , , , , , , , , , , , , , , , , , , , , , , , , , , , , , , 
水力,青山#4,92.0,0.0,0.0,0.0,0.0,0.0,19.8,13.8,13.9,26.3,15.4,26.3,5.4,15.3,6.1,5.4,6.2,6.2,5.1,6.2,5.6,6.6,6.1,6.6,4.9,5.6,6.4,6.4,6.4,5.4,5.4,6.6,5.2,19.8,5.4,5.1,4.1
,,, , , , , , , , , , , , , , , , , , , , , , , , , , , , , , , , , , , , 
水力,谷關#1,54.4,50.2,50.4,50.4,50.1,50.4,49.4,50.0,50.6,51.1,51.6,51.8,48.9,52.5,50.4,48.7,50.5,50.5,47.2,48.2,47.0,49.7,49.7,48.0,50.3,50.2,11.0,11.0,11.0,6.3,6.3,9.3,7.2,9.5,25.8,21.9,22.0
,,, , , , , , , , , , , , , , , , , , , , , , , , , , , , , , , , , , , , 
水力,谷關#2,54.4,0.0,0.0,0.0,0.0,0.0,0.0,0.0,0.0,0.0,0.0,0.0,0.0,0.0,0.0,0.0,0.0,0.0,0.0,0.0,0.0,0.0,0.0,0.0,0.0,0.0,10.0,10.0,10.0,5.6,5.6,7.8,6.3,11.0,24.7,23.1,22.9
,,, , , , , , , , , , , , , , , , , , , , , , , , , , , , , , , , , , , , 
水力,谷關#3,54.4,0.0,0.0,0.0,0.0,0.0,0.0,0.0,0.0,0.0,0.0,0.0,0.0,0.0,0.0,0.0,0.0,0.0,0.0,0.0,0.0,0.0,0.0,0.0,0.0,0.0,9.8,9.8,9.8,5.7,5.7,8.1,7.0,11.4,24.6,22.3,22.9
,,, , , , , , , , , , , , , , , , , , , , , , , , , , , , , , , , , , , , 
水力,谷關#4,54.4,0.0,0.0,0.0,0.0,0.0,0.0,0.0,0.0,0.0,0.0,0.0,0.0,0.0,0.0,0.0,0.0,0.0,0.0,0.0,0.0,0.0,0.0,0.0,0.0,0.0,9.9,9.9,9.9,5.5,5.5,8.1,6.7,11.4,24.2,22.5,23.2
,,, , , , , , , , , , , , , , , , , , , , , , , , , , , , , , , , , , , , 
水力,天輪#1,22.5,0.0,0.0,0.0,0.0,0.0,0.0,0.0,0.0,0.0,0.0,0.0,0.0,0.0,0.0,0.0,0.0,0.0,0.0,0.0,0.0,0.0,0.0,0.0,0.0,0.0,0.0,0.0,0.0,0.0,0.0,0.0,0.0,2.0,2.3,2.3,2.3
,,,檢修,檢修,檢修,檢修,檢修,檢修,檢修,檢修,檢修,檢修,檢修,檢修,檢修,檢修,檢修,檢修,檢修,檢修,檢修,檢修,檢修,檢修,檢修,檢修,檢修,檢修,檢修,檢修,檢修,檢修,檢修,檢修,檢修,檢修,檢修,檢修
水力,天輪#2,22.5,9.0,9.0,9.0,9.0,9.0,9.0,9.0,9.0,9.0,9.0,9.0,9.0,9.0,9.0,9.0,9.0,9.0,9.0,9.0,9.0,9.0,9.0,9.0,9.0,9.0,6.0,6.0,6.0,6.0,6.0,6.0,6.0,6.0,6.0,6.0,6.0
,,, , , , , , , , , , , , , , , , , , , , , , , , , , , , , , , , , , , , 
水力,天輪#3,22.5,0.0,0.0,0.0,0.0,0.0,0.0,0.0,0.0,0.0,0.0,0.0,0.0,0.0,0.0,0.0,0.0,0.0,0.0,0.0,0.0,0.0,0.0,0.0,0.0,0.0,3.0,3.0,3.0,3.0,3.0,3.0,3.0,3.0,3.0,3.0,3.0
,,, , , , , , , , , , , , , , , , , , , , , , , , , , , , , , , , , , , , 
水力,天輪#4,22.5,8.2,8.1,8.1,8.1,8.2,8.2,8.2,8.2,8.2,8.2,8.2,8.1,8.2,8.1,8.1,8.2,8.2,8.1,8.1,8.2,8.2,8.2,8.1,8.2,8.1,8.1,8.1,8.1,8.1,8.1,8.1,5.6,3.0,2.9,3.0,2.9
,,, , , , , , , , , , , , , , , , , , , , , , , , , , , , , , , , , , , , 
水力,天輪#5,105.0,26.6,29.7,29.5,26.8,27.9,29.4,26.7,28.0,26.9,28.3,29.6,26.6,29.4,27.8,28.3,28.0,28.0,26.8,25.8,26.6,27.3,27.0,26.3,25.8,27.3,38.0,38.0,38.0,35.5,35.5,19.6,21.7,19.3,9.9,12.1,12.1
,,, , , , , , , , , , , , , , , , , , , , , , , , , , , , , , , , , , , , 
水力,馬鞍#1,66.7,14.8,14.4,15.0,14.5,15.0,15.7,15.0,16.3,17.1,14.3,16.1,13.8,15.8,13.6,13.8,14.9,14.9,12.9,13.7,12.7,14.3,13.6,13.9,14.0,14.8,13.7,13.7,13.7,13.9,13.9,15.2,15.0,14.7,13.3,13.7,19.0
,,, , , , , , , , , , , , , , , , , , , , , , , , , , , , , , , , , , , , 
水力,馬鞍#2,66.7,14.6,14.2,15.8,15.8,15.0,15.5,15.1,16.8,16.1,14.1,15.9,13.4,15.6,13.9,14.4,15.1,15.1,13.1,14.3,13.8,14.2,13.5,14.3,13.6,14.2,14.4,14.4,14.4,14.5,14.5,15.3,14.8,14.3,13.5,14.0,14.7
,,, , , , , , , , , , , , , , , , , , , , , , , , , , , , , , , , , , , , 
水力,卓蘭#1,40.0,18.4,18.4,18.4,18.4,18.4,18.4,18.2,18.4,18.3,18.4,18.4,18.4,18.3,18.4,18.2,18.4,18.4,18.4,18.3,18.3,18.3,18.3,18.4,18.3,18.2,18.4,18.4,18.4,18.4,18.4,18.4,18.3,18.4,18.2,18.1,18.1
,,, , , , , , , , , , , , , , , , , , , , , , , , , , , , , , , , , , , , 
水力,卓蘭#2,40.0,0.0,0.0,0.0,0.0,0.0,0.0,0.0,0.0,0.0,0.0,0.0,0.0,0.0,0.0,0.0,0.0,0.0,0.0,0.0,0.0,0.0,0.0,0.0,0.0,0.0,0.0,0.0,0.0,0.0,0.0,0.0,0.0,0.0,0.0,0.0,0.0
,,, , , , , , , , , , , , , , , , , , , , , , , , , , , , , , , , , , , , 
水力,萬大#1,10.4,5.1,5.1,5.1,5.0,5.0,5.0,5.0,5.0,5.1,5.0,5.0,5.0,4.9,5.0,5.0,5.0,5.0,4.9,5.0,4.9,5.0,5.1,5.1,4.9,5.0,5.0,5.0,5.0,5.0,5.0,4.9,4.9,10.0,10.0,10.0,10.0
,,, , , , , , , , , , , , , , , , , , , , , , , , , , , , , , , , , , , , 
水力,萬大#2,10.4,0.0,0.0,0.0,0.0,0.0,0.0,0.0,0.0,0.0,0.0,0.0,0.0,0.0,0.0,0.0,0.0,0.0,0.0,0.0,0.0,0.0,0.0,0.0,0.0,0.0,0.0,0.0,0.0,0.0,0.0,0.0,0.0,10.0,10.0,10.0,10.1
,,, , , , , , , , , , , , , , , , , , , , , , , , , , , , , , , , , , , , 
水力,萬大#3,15.3,7.6,7.5,7.5,7.5,7.1,5.7,7.3,7.4,7.9,8.5,7.5,4.6,3.1,3.2,1.8,5.9,5.9,7.6,7.5,7.0,6.9,7.0,6.9,7.3,7.3,7.2,7.2,7.2,7.2,7.2,7.2,7.3,6.6,6.5,6.2,6.2
,,, , , , , , , , , , , , , , , , , , , , , , , , , , , , , , , , , , , , 
水力,萬大#4,19.7,0.0,0.0,0.0,0.0,0.0,0.0,0.0,0.0,0.0,0.0,0.0,0.0,0.0,0.0,0.0,0.0,0.0,0.0,0.0,0.0,0.0,0.0,0.0,0.0,0.0,0.0,0.0,0.0,0.0,0.0,0.0,5.1,20.1,20.1,19.9,19.8
,,, , , , , , , , , , , , , , , , , , , , , , , , , , , , , , , , , , , , 
水力,松林#1&2,20.9,0.0,0.0,0.0,0.0,0.0,0.0,0.0,0.0,2.7,2.7,2.7,0.0,0.0,0.0,0.0,0.0,0.0,0.0,0.0,0.0,0.0,0.0,0.0,0.0,0.0,0.0,0.0,0.0,0.0,0.0,0.0,0.0,0.0,0.0,19.5,20.3
,,, , , , , , , , , , , , , , , , , , , , , , , , , , , , , , , , , , , , 
水力,大觀一#1,22.0,2.7,3.2,3.1,2.9,7.9,7.5,5.7,5.2,10.8,5.2,5.2,2.8,5.5,3.1,2.9,3.0,3.0,2.1,2.0,1.9,2.0,2.3,1.8,3.0,2.8,3.4,3.4,3.4,2.0,2.0,6.4,2.7,3.0,1.8,2.0,1.6
,,, , , , , , , , , , , , , , , , , , , , , , , , , , , , , , , , , , , , 
水力,大觀一#2,22.0,2.5,2.8,2.8,2.4,8.7,9.2,6.3,5.0,12.7,5.1,5.4,1.8,6.6,3.3,3.3,2.9,2.9,1.8,2.0,1.8,1.7,1.8,2.0,3.2,3.0,3.2,3.2,3.2,2.2,2.2,7.0,3.3,3.4,2.2,1.7,1.9
,,, , , , , , , , , , , , , , , , , , , , , , , , , , , , , , , , , , , , 
水力,大觀一#3,22.0,2.7,3.3,3.4,2.2,8.9,8.3,4.8,4.3,12.5,4.8,5.0,0.0,6.1,2.5,3.1,3.1,3.1,2.3,1.6,1.6,1.5,1.5,1.8,3.2,2.4,2.9,2.9,2.9,1.6,1.6,6.4,3.3,3.0,1.7,1.8,1.8
,,, , , , , , , , , , , , , , , , , , , , , , , , , , , , , , , , , , , , 
水力,大觀一#4,22.0,2.7,3.1,3.3,3.2,8.0,7.1,5.8,4.7,10.8,5.3,4.9,1.2,5.5,4.0,3.2,3.3,3.3,1.8,2.0,2.3,2.0,1.9,1.9,2.9,2.9,2.9,2.9,2.9,2.1,2.1,5.3,3.2,3.0,1.5,2.0,1.8
,,, , , , , , , , , , , , , , , , , , , , , , , , , , , , , , , , , , , , 
水力,大觀一#5,22.0,0.0,0.0,0.0,0.0,0.0,0.0,0.0,0.0,0.0,0.0,0.0,0.0,0.0,0.0,0.0,0.0,0.0,0.0,0.0,0.0,0.0,0.0,0.0,0.0,0.0,0.0,0.0,0.0,0.0,0.0,0.0,0.0,0.0,0.0,0.0,0.0
,,,檢修,檢修,檢修,檢修,檢修,檢修,檢修,檢修,檢修,檢修,檢修,檢修,檢修,檢修,檢修,檢修,檢修,檢修,檢修,檢修,檢修,檢修,檢修,檢修,檢修,檢修,檢修,檢修,檢修,檢修,檢修,檢修,檢修,檢修,檢修,檢修
水力,鉅工#1,21.8,1.4,1.4,1.4,1.3,1.4,1.4,1.4,3.1,3.2,3.2,5.3,3.5,3.5,3.6,3.5,1.6,1.6,1.6,1.6,0.0,0.0,0.0,0.0,0.0,0.0,0.0,0.0,0.0,0.0,0.0,0.0,1.3,1.3,1.4,1.4,1.4
,,, , , , , , , , , , , , , , , , , , , , , , , , , , , , , , , , , , , , 
水力,鉅工#2,21.8,0.0,0.0,0.0,0.0,0.0,0.0,2.6,2.6,2.5,5.3,5.4,3.4,3.3,3.4,3.3,1.2,1.2,1.2,1.2,1.2,1.2,1.2,1.2,1.2,1.3,1.3,1.3,1.3,1.3,1.3,1.2,1.2,1.2,1.3,1.2,1.2
,,, , , , , , , , , , , , , , , , , , , , , , , , , , , , , , , , , , , , 
水力,水里#1,12.8,1.7,1.8,1.8,1.8,1.9,2.1,1.9,2.2,2.2,2.0,1.9,1.3,1.7,1.4,1.3,1.5,1.5,1.2,1.4,1.3,1.4,1.5,1.5,1.7,1.7,2.0,2.0,2.0,1.6,1.6,2.3,2.0,2.0,2.0,2.0,2.0
,,, , , , , , , , , , , , , , , , , , , , , , , , , , , , , , , , , , , , 
水力,立霧#1&#2,32.0,14.0,14.0,14.0,14.0,14.0,14.0,14.0,14.0,14.0,14.0,14.0,14.0,14.0,14.0,14.0,14.0,14.0,14.0,14.0,14.0,14.0,14.0,14.0,14.0,14.0,14.0,14.0,14.0,14.0,14.0,14.0,14.0,14.0,14.0,14.0,14.0
,,, , , , , , , , , , , , , , , , , , , , , , , , , , , , , , , , , , , , 
水力,龍澗#1,48.6,0.0,0.0,0.0,0.0,0.0,0.0,0.0,0.0,0.0,0.0,0.0,0.0,0.0,0.0,0.0,0.0,0.0,0.0,0.0,0.0,0.0,0.0,0.0,0.0,0.0,0.0,0.0,0.0,0.0,0.0,0.0,0.0,0.0,0.0,0.0,0.0
,,, , , , , , , , , , , , , , , , , , , , , , , , , , , , , , , , , , , , 
水力,龍澗#2,48.6,0.0,0.0,0.0,0.0,0.0,0.0,0.0,0.0,0.0,0.0,0.0,0.0,0.0,0.0,0.0,0.0,0.0,0.0,0.0,0.0,0.0,0.0,0.0,0.0,0.0,0.0,0.0,0.0,0.0,0.0,0.0,0.0,0.0,0.0,0.0,0.0
,,, , , , , , , , , , , , , , , , , , , , , , , , , , , , , , , , , , , , 
水力,碧海,61.2,4.8,4.8,4.9,4.9,4.8,5.2,4.8,5.3,5.4,4.9,4.8,4.8,5.0,4.8,4.9,4.9,4.9,4.7,4.9,4.4,4.8,4.8,4.8,4.8,4.8,4.8,4.8,4.8,4.4,4.4,5.0,4.8,4.8,4.7,4.8,4.7
,,, , , , , , , , , , , , , , , , , , , , , , , , , , , , , , , , , , , , 
水力,烏來&桂山&粗坑,40.5,13.4,12.5,12.8,12.7,12.7,12.7,12.8,12.7,12.6,12.8,12.8,12.8,12.8,12.7,12.7,12.7,12.7,12.5,12.7,12.6,12.7,12.7,12.7,12.7,12.6,12.7,12.7,12.7,12.9,12.9,12.4,12.6,14.1,15.5,15.9,16.0
,,, , , , , , , , , , , , , , , , , , , , , , , , , , , , , , , , , , , , 
水力,北部小水力,26.6,N/A,N/A,N/A,N/A,N/A,N/A,N/A,N/A,N/A,N/A,N/A,N/A,N/A,N/A,N/A,N/A,N/A,N/A,N/A,N/A,N/A,N/A,N/A,N/A,N/A,N/A,N/A,N/A,N/A,N/A,N/A,N/A,N/A,N/A,N/A,N/A
,,, , , , , , , , , , , , , , , , , , , , , , , , , , , , , , , , , , , , 
水力,中部小水力,9.8,N/A,N/A,N/A,N/A,N/A,N/A,N/A,N/A,N/A,N/A,N/A,N/A,N/A,N/A,N/A,N/A,N/A,N/A,N/A,N/A,N/A,N/A,N/A,N/A,N/A,N/A,N/A,N/A,N/A,N/A,N/A,N/A,N/A,N/A,N/A,N/A
,,, , , , , , , , , , , , , , , , , , , , , , , , , , , , , , , , , , , , 
水力,南部小水力,7.2,N/A,N/A,N/A,N/A,N/A,N/A,N/A,N/A,N/A,N/A,N/A,N/A,N/A,N/A,N/A,N/A,N/A,N/A,N/A,N/A,N/A,N/A,N/A,N/A,N/A,N/A,N/A,N/A,N/A,N/A,N/A,N/A,N/A,N/A,N/A,N/A
,,, , , , , , , , , , , , , , , , , , , , , , , , , , , , , , , , , , , , 
水力,東部小水力,54.6,33.0,33.0,33.0,33.0,33.0,33.0,33.0,33.0,33.0,33.0,33.0,33.0,33.0,33.0,33.0,33.0,33.0,33.0,33.0,33.0,33.0,33.0,33.0,33.0,33.0,30.0,30.0,30.0,30.0,30.0,30.0,30.0,30.0,30.0,30.0,30.0
,,, , , , , , , , , , , , , , , , , , , , , , , , , , , , , , , , , , , , 
水力,翡翠#1,70.0,0.0,0.0,0.0,0.0,0.0,0.0,0.0,0.0,0.0,0.0,0.0,0.0,0.0,0.0,0.0,0.0,0.0,0.0,0.0,0.0,0.0,0.0,0.0,0.0,29.8,75.5,75.5,75.5,75.2,75.2,75.3,75.6,75.2,75.1,74.8,75.1
,,, , , , , , , , , , , , , , , , , , , , , , , , , , , , , , , , , , , , 
水力,石門#1,45.0,0.0,0.0,0.0,0.0,0.0,0.0,0.0,0.0,0.0,0.0,0.0,0.0,0.0,0.0,0.0,0.0,0.0,0.0,0.0,0.0,0.0,0.0,0.0,0.0,0.0,0.0,0.0,0.0,0.0,0.0,0.0,0.0,0.0,0.0,0.0,0.0
,,, , , , , , , , , , , , , , , , , , , , , , , , , , , , , , , , , , , , 
水力,石門#2,45.0,0.0,0.0,0.0,0.0,0.0,0.0,0.0,0.0,0.0,0.0,0.0,0.0,0.0,0.0,0.0,0.0,0.0,0.0,0.0,0.0,0.0,0.0,0.0,45.6,45.9,46.3,46.3,46.3,45.6,45.6,46.5,46.2,46.4,46.3,46.1,46.1
,,, , , , , , , , , , , , , , , , , , , , , , , , , , , , , , , , , , , , 
水力,曾文#1,50.0,49.9,51.3,49.4,49.8,49.8,52.3,50.1,50.3,49.9,49.7,49.8,49.9,50.3,49.9,48.3,49.6,49.6,50.1,49.9,50.0,49.6,50.4,49.4,50.3,49.8,49.8,49.8,49.8,49.8,49.8,49.4,49.6,49.8,49.8,49.4,50.3
,,, , , , , , , , , , , , , , , , , , , , , , , , , , , , , , , , , , , , 
水力,義興#1,40.0,19.2,19.2,19.3,19.4,19.2,19.0,19.1,19.2,19.1,19.2,19.2,19.2,19.2,19.1,18.9,19.4,19.4,19.4,18.9,19.2,18.7,18.6,18.2,18.2,18.2,18.7,18.7,18.7,18.8,18.8,18.8,18.9,19.5,19.3,20.2,21.0
,,, , , , , , , , , , , , , , , , , , , , , , , , , , , , , , , , , , , , 
水力,名間,16.7,4.6,4.4,4.2,4.2,4.2,4.6,4.7,4.7,4.6,4.4,4.4,4.4,4.5,4.5,4.2,4.2,4.2,4.2,4.5,4.5,4.5,4.5,4.5,4.5,4.5,4.5,4.5,4.5,4.5,4.5,4.5,4.5,4.7,4.7,3.6,4.0
,,, , , , , , , , , , , , , , , , , , , , , , , , , , , , , , , , , , , , 
水力,嘉南西口、烏山頭和八田,22.5,17.8,16.8,17.9,17.9,18.2,18.3,17.4,13.8,12.0,18.1,18.3,17.6,17.9,17.3,17.2,17.4,17.4,15.4,16.9,16.7,16.0,14.4,15.5,15.0,15.1,14.3,14.3,14.3,14.1,14.1,13.7,13.1,12.7,12.2,11.6,11.2
,,, , , , , , , , , , , , , , , , , , , , , , , , , , , , , , , , , , , , 
水力,后里示範,0.1,N/A,N/A,N/A,N/A,N/A,N/A,N/A,N/A,N/A,N/A,N/A,N/A,N/A,N/A,N/A,N/A,N/A,N/A,N/A,N/A,N/A,N/A,N/A,N/A,N/A,N/A,N/A,N/A,N/A,N/A,N/A,N/A,N/A,N/A,N/A,N/A
,,, , , , , , , , , , , , , , , , , , , , , , , , , , , , , , , , , , , , 
水力,卑南,2.0,1.1,1.1,1.1,1.1,1.1,1.1,1.1,1.1,1.1,1.1,1.1,1.1,1.1,1.1,1.1,1.1,1.1,1.1,1.1,1.1,1.1,1.1,1.1,1.1,1.1,1.1,1.1,1.1,1.1,1.1,1.1,1.1,1.1,1.1,1.1,1.1
,,, , , , , , , , , , , , , , , , , , , , , , , , , , , , , , , , , , , , 
水力,捷祥關山,1.0,0.0,0.0,0.0,0.0,0.0,0.0,0.0,0.0,0.0,0.0,0.0,0.0,0.0,0.0,0.0,0.0,0.0,0.0,0.0,0.0,0.0,0.0,0.0,0.0,0.0,0.0,0.0,0.0,0.0,0.0,0.0,0.0,0.0,0.0,0.0,0.0
,,, , , , , , , , , , , , , , , , , , , , , , , , , , , , , , , , , , , , 
風力,觀園,30.0,9.0,10.9,8.5,9.3,5.9,5.4,7.3,6.7,5.4,6.1,4.8,5.8,4.7,5.1,4.8,4.0,4.0,4.9,3.5,4.1,4.9,7.1,5.9,6.9,5.0,6.8,6.8,6.8,7.3,7.3,7.1,6.0,5.9,5.0,5.1,5.5
,,, , , , , , , , , , , , , , , , , , , , , , , , , , , , , , , , , , , , 
風力,台中港,26.0,3.7,3.2,3.4,3.5,4.5,3.4,2.9,3.1,2.6,2.4,2.5,2.5,2.9,2.8,1.8,2.2,2.2,2.5,3.0,2.4,3.2,2.6,3.2,3.2,2.5,2.8,2.8,2.8,2.3,2.3,1.9,2.7,2.6,2.2,1.8,1.6
,,, , , , , , , , , , , , , , , , , , , , , , , , , , , , , , , , , , , , 
風力,王功,23.0,1.8,2.2,1.8,1.6,1.5,1.5,1.7,1.7,2.0,2.1,1.6,1.8,1.7,1.5,1.9,2.4,2.4,2.8,2.7,3.1,3.5,2.6,2.6,2.6,2.1,2.4,2.4,2.4,2.3,2.3,2.8,2.5,2.1,2.8,2.8,2.6
,,, , , , , , , , , , , , , , , , , , , , , , , , , , , , , , , , , , , , 
風力,彰工,71.2,7.6,7.3,6.7,6.6,6.5,6.2,5.6,6.9,7.5,8.6,8.6,9.2,8.7,7.2,8.4,9.4,9.4,9.7,10.6,10.6,9.9,10.0,10.9,10.8,8.5,5.9,5.9,5.9,6.8,6.8,6.9,8.3,7.3,6.6,7.4,6.8
,,, , , , , , , , , , , , , , , , , , , , , , , , , , , , , , , , , , , , 
風力,雲麥,46.0,0.4,0.3,0.7,0.6,0.9,0.5,0.5,0.4,0.4,0.5,0.7,0.4,0.5,0.1,0.5,0.8,0.8,0.7,0.9,0.3,0.6,0.7,0.4,0.5,0.6,0.6,0.6,0.6,0.6,0.6,0.4,0.3,0.4,0.5,0.4,0.4
,,, , , , , , , , , , , , , , , , , , , , , , , , , , , , , , , , , , , , 
風力,四湖,28.0,0.7,1.1,1.0,0.9,0.9,0.9,1.0,0.9,1.5,1.2,1.1,1.1,1.6,1.6,1.6,1.9,1.9,2.1,2.4,3.3,2.9,2.8,3.3,2.9,2.4,2.3,2.3,2.3,2.1,2.1,2.5,2.6,3.3,3.4,4.0,4.2
,,, , , , , , , , , , , , , , , , , , , , , , , , , , , , , , , , , , , , 
風力,其它台電自有,72.8,15.8,16.5,15.3,15.4,15.2,13.6,13.0,11.8,10.9,11.0,10.3,11.0,9.1,10.2,10.9,10.6,10.6,10.7,10.6,9.8,10.6,9.7,10.7,10.3,12.0,10.6,10.6,10.6,10.1,10.1,8.8,8.8,9.2,10.6,10.2,10.4
,,, , , , , , , , , , , , , , , , , , , , , , , , , , , , , , , , , , , , 
風力,苗栗大鵬,42.0,8.3,9.3,7.7,7.4,7.2,7.1,8.0,7.9,8.3,7.4,6.6,5.4,5.2,5.1,5.4,4.9,4.9,6.0,6.3,6.1,8.1,8.3,7.7,7.6,7.0,5.1,5.1,5.1,7.3,7.3,6.6,5.8,8.2,7.6,6.8,6.4
,,, , , , , , , , , , , , , , , , , , , , , , , , , , , , , , , , , , , , 
風力,鹿威彰濱,55.2,5.3,5.3,5.3,4.5,5.0,4.8,4.2,5.3,5.6,5.6,5.9,6.2,5.6,5.9,5.9,6.4,6.4,6.4,6.2,7.6,7.0,7.8,7.8,7.6,6.2,4.5,4.5,4.5,4.8,4.8,4.8,5.3,4.8,5.3,4.5,5.0
,,, , , , , , , , , , , , , , , , , , , , , , , , , , , , , , , , , , , , 
風力,觀威觀音&桃威新屋,48.3,15.5,16.0,15.4,15.9,13.5,11.8,11.1,7.9,8.3,8.9,8.3,8.1,7.0,6.3,7.2,7.5,7.5,6.0,5.8,7.4,6.1,4.8,6.2,5.0,5.3,4.0,4.0,4.0,6.3,6.3,5.8,5.0,3.8,5.2,4.8,5.0
,,, , , , , , , , , , , , , , , , , , , , , , , , , , , , , , , , , , , , 
風力,中威大安,75.9,16.4,16.8,17.4,18.8,18.0,16.8,15.8,16.9,15.5,13.7,13.9,13.1,13.5,14.5,13.7,12.2,12.2,10.5,11.4,9.9,9.1,8.5,9.0,10.8,9.0,8.7,8.7,8.7,8.2,8.2,9.4,9.3,9.6,8.8,7.5,7.6
,,, , , , , , , , , , , , , , , , , , , , , , , , , , , , , , , , , , , , 
風力,其它購電風力,209.5,26.9,25.0,23.0,23.8,20.6,19.6,17.2,16.9,18.6,20.5,15.9,15.9,15.1,16.4,17.4,16.1,16.1,15.4,17.5,17.3,18.0,18.4,17.8,17.4,16.6,14.1,14.1,14.1,14.5,14.5,14.7,16.2,16.3,17.8,18.6,18.5
,,, , , , , , , , , , , , , , , , , , , , , , , , , , , , , , , , , , , , 
風力,離岸一期,109.2,5.3,4.2,3.1,3.1,3.4,3.9,3.9,3.9,3.6,3.4,3.1,4.2,5.3,3.4,5.3,6.2,6.2,7.6,9.0,10.6,10.4,9.8,10.6,8.7,7.6,10.1,10.1,10.1,9.5,9.5,11.5,12.0,13.2,15.1,13.4,16.2
,,, , , , , , , , , , , , , , , , , , , , , , , , , , , , , , , , , , , , 
風力,海洋竹南,128.0,73.9,61.5,55.6,54.4,56.9,56.9,52.9,52.1,49.8,49.3,49.1,40.7,39.1,40.1,39.5,42.8,42.8,42.2,37.8,38.4,38.2,42.8,47.7,57.1,44.5,34.4,34.4,34.4,37.0,37.0,35.7,40.5,37.6,38.2,44.5,39.5
,,, , , , , , , , , , , , , , , , , , , , , , , , , , , , , , , , , , , , 
風力,允湖,-,0.8,0.8,0.8,0.8,0.8,0.8,1.4,1.4,0.8,0.6,0.8,0.8,1.7,2.2,1.7,2.2,2.2,3.1,3.6,3.9,6.4,5.9,5.0,4.8,4.5,3.1,3.1,3.1,4.8,4.8,5.3,6.2,7.0,8.1,10.1,11.5
,,, , , , , , , , , , , , , , , , , , , , , , , , , , , , , , , , , , , , 
風力,沃二風,-,0.3,0.3,0.0,0.0,0.0,0.0,0.0,0.0,0.0,0.0,0.0,0.0,0.0,0.0,0.0,0.0,0.0,0.0,0.0,0.0,0.0,0.0,0.0,0.0,0.0,0.0,0.0,0.0,0.0,0.0,0.0,0.0,0.0,0.0,0.0,0.3
,,, , , , , , , , , , , , , , , , , , , , , , , , , , , , , , , , , , , , 
風力,海能風,-,12.2,12.2,12.2,11.3,10.5,10.5,12.4,12.4,12.4,12.4,10.7,9.9,9.9,9.9,8.8,8.8,8.8,8.8,7.8,7.8,6.7,8.6,8.6,8.6,8.6,8.8,8.8,8.8,8.8,8.8,8.8,8.8,8.6,8.8,7.8,6.7
,,, , , , , , , , , , , , , , , , , , , , , , , , , , , , , , , , , , , , 
太陽能,彰濱光,100.0,74.060,74.620,74.970,75.250,75.460,75.320,75.110,75.180,74.620,74.410,73.780,73.290,72.660,71.470,70.910,69.720,69.720,68.600,66.920,65.730,63.910,62.160,60.410,58.100,55.720,50.330,50.330,50.330,48.020,48.020,45.010,42.070,39.060,35.700,32.680,29.750
,,, , , , , , , , , , , , , , , , , , , , , , , , , , , , , , , , , , , , 
太陽能,南鹽光,150.0,108.885,109.830,110.355,110.565,110.880,111.090,110.775,110.670,110.145,109.305,108.780,108.150,107.100,105.735,104.160,102.270,102.270,100.380,97.965,95.445,93.240,90.405,87.255,84.210,80.745,73.500,73.500,73.500,69.615,69.615,65.415,61.215,56.700,52.185,47.460,42.420
,,, , , , , , , , , , , , , , , , , , , , , , , , , , , , , , , , , , , , 
太陽能,其它台電自有,23.6,7.503,7.185,7.624,7.349,7.437,7.661,7.754,7.672,7.655,7.224,7.476,7.491,7.340,7.031,7.044,6.794,6.794,6.881,6.708,7.656,7.401,7.183,6.746,6.492,5.968,5.495,5.495,5.495,5.303,5.303,4.857,4.387,4.015,3.652,3.290,2.882
,,, , , , , , , , , , , , , , , , , , , , , , , , , , , , , , , , , , , , 
太陽能,崙尾光,181.0,119.280,119.840,119.840,119.840,120.400,120.400,119.560,119.560,119.560,119.000,118.440,117.880,117.040,115.920,115.080,113.120,113.120,112.000,110.600,108.640,105.840,103.320,100.240,96.880,93.240,85.960,85.960,85.960,81.200,81.200,76.440,71.120,65.520,60.200,54.600,49.000
,,, , , , , , , , , , , , , , , , , , , , , , , , , , , , , , , , , , , , 
太陽能,天衝光,-,85.960,85.120,86.240,86.240,86.520,86.520,87.080,87.080,86.520,86.240,85.680,85.680,85.680,84.280,84.000,82.040,82.040,80.920,79.520,77.560,76.160,72.800,71.680,69.440,66.360,60.480,60.480,60.480,57.680,57.680,55.160,51.240,47.600,44.240,40.320,37.240
,,, , , , , , , , , , , , , , , , , , , , , , , , , , , , , , , , , , , , 
太陽能,天篷光,-,51.800,60.480,60.480,57.680,59.920,59.920,59.920,59.920,59.920,59.360,58.800,58.800,58.800,57.960,57.120,56.280,56.280,55.440,54.600,53.200,51.800,50.680,49.280,47.320,45.360,41.440,41.440,41.440,39.760,39.760,37.800,35.280,32.480,30.800,27.720,25.480
,,, , , , , , , , , , , , , , , , , , , , , , , , , , , , , , , , , , , , 
太陽能,星崴光,-,58.800,59.080,59.080,59.640,59.640,59.920,59.640,59.640,59.080,58.800,58.800,58.240,57.960,57.120,56.280,55.440,55.440,54.040,52.640,51.800,50.120,48.720,47.040,45.640,43.960,40.040,40.040,40.040,37.800,37.800,36.120,33.600,31.080,28.560,26.320,23.800
,,, , , , , , , , , , , , , , , , , , , , , , , , , , , , , , , , , , , , 
太陽能,碩力光,-,181.560,184.824,185.640,186.184,186.320,186.456,186.592,186.320,185.776,185.232,184.688,183.736,182.512,181.016,179.384,177.072,177.072,174.760,171.088,167.280,163.336,158.712,153.680,148.376,142.664,130.560,130.560,130.560,125.392,125.392,117.368,110.432,104.448,95.336,86.904,79.288
,,, , , , , , , , , , , , , , , , , , , , , , , , , , , , , , , , , , , , 
太陽能,其它購電太陽能,7663.5,4398.488,4403.832,4468.328,4492.952,4444.203,4466.158,4555.598,4526.410,4550.056,4566.580,4495.734,4509.430,4494.073,4453.202,4364.749,4340.798,4340.798,4237.524,4186.471,4089.609,4025.611,3988.884,3877.530,3696.752,3561.105,3316.674,3316.674,3316.674,3130.994,3130.994,2977.664,2808.074,2631.510,2446.849,2258.471,2068.157
,,, , , , , , , , , , , , , , , , , , , , , , , , , , , , , , , , , , , , 
抽蓄發電,大觀二#1,250.0,0.0,0.0,0.0,0.0,0.0,27.4,0.0,0.0,0.0,0.0,0.0,0.0,0.0,0.0,0.0,0.0,0.0,0.0,0.0,0.0,0.0,0.0,0.0,0.0,0.0,0.0,0.0,0.0,0.0,0.0,0.0,0.0,0.0,0.0,0.0,0.0
,,, , , , , , , , , , , , , , , , , , , , , , , , , , , , , , , , , , , , 
抽蓄發電,大觀二#2,250.0,155.8,140.6,142.0,0.0,0.0,0.0,0.0,0.0,0.0,0.0,0.0,0.0,0.0,0.0,0.0,0.0,0.0,0.0,0.0,0.0,0.0,0.0,0.0,0.0,0.0,0.0,0.0,0.0,0.0,0.0,0.0,0.0,141.7,152.6,158.6,141.3
,,, , , , , , , , , , , , , , , , , , , , , , , , , , , , , , , , , , , , 
抽蓄發電,大觀二#3,250.0,0.0,0.0,0.0,0.0,0.0,0.0,0.0,0.0,0.0,0.0,0.0,0.0,0.0,0.0,0.0,0.0,0.0,0.0,0.0,0.0,0.0,0.0,0.0,0.0,0.0,0.0,0.0,0.0,0.0,0.0,0.0,0.0,0.0,0.0,0.0,0.0
,,, , , , , , , , , , , , , , , , , , , , , , , , , , , , , , , , , , , , 
抽蓄發電,大觀二#4,250.0,0.0,0.0,0.0,0.0,0.0,0.0,0.0,0.0,0.0,0.0,0.0,0.0,0.0,0.0,0.0,0.0,0.0,0.0,0.0,0.0,0.0,0.0,0.0,0.0,0.0,0.0,0.0,0.0,0.0,0.0,0.0,0.0,0.0,0.0,0.0,0.0
,,,檢修,檢修,檢修,檢修,檢修,檢修,檢修,檢修,檢修,檢修,檢修,檢修,檢修,檢修,檢修,檢修,檢修,檢修,檢修,檢修,檢修,檢修,檢修,檢修,檢修,檢修,檢修,檢修,檢修,檢修,檢修,檢修,檢修,檢修,檢修,檢修
抽蓄發電,明潭#1,267.0,0.0,0.0,0.0,0.0,0.0,0.0,0.0,0.0,0.0,0.0,0.0,0.0,0.0,0.0,0.0,0.0,0.0,0.0,0.0,0.0,0.0,0.0,0.0,0.0,0.0,0.0,0.0,0.0,0.0,0.0,0.0,0.0,0.0,0.0,0.0,0.0
,,, , , , , , , , , , , , , , , , , , , , , , , , , , , , , , , , , , , , 
抽蓄發電,明潭#2,267.0,0.0,0.0,0.0,0.0,0.0,0.0,0.0,0.0,0.0,0.0,0.0,0.0,0.0,0.0,0.0,0.0,0.0,0.0,0.0,0.0,0.0,0.0,0.0,0.0,0.0,0.0,0.0,0.0,0.0,0.0,0.0,0.0,0.0,0.0,0.0,0.0
,,, , , , , , , , , , , , , , , , , , , , , , , , , , , , , , , , , , , , 
抽蓄發電,明潭#3,267.0,0.0,0.0,0.0,0.0,0.0,0.0,0.0,0.0,0.0,0.0,0.0,0.0,0.0,0.0,0.0,0.0,0.0,0.0,0.0,0.0,0.0,0.0,0.0,0.0,0.0,0.0,0.0,0.0,0.0,0.0,0.0,0.0,0.0,0.0,0.0,0.0
,,, , , , , , , , , , , , , , , , , , , , , , , , , , , , , , , , , , , , 
抽蓄發電,明潭#4,267.0,147.3,145.0,131.2,148.3,187.0,0.0,0.0,0.0,0.0,0.0,0.0,0.0,0.0,0.0,0.0,151.7,151.7,139.6,139.9,139.9,127.1,144.3,142.6,152.7,207.9,157.4,157.4,157.4,133.2,133.2,186.0,179.6,144.0,147.7,146.0,140.6
,,, , , , , , , , , , , , , , , , , , , , , , , , , , , , , , , , , , , , 
抽蓄發電,明潭#5,267.0,151.0,144.3,132.2,151.7,186.7,0.0,0.0,0.0,0.0,0.0,0.0,111.0,162.5,155.4,141.9,152.7,152.7,135.6,146.0,140.3,145.3,137.2,141.6,151.0,217.6,160.1,160.1,160.1,135.6,135.6,191.7,186.3,138.2,146.7,144.0,141.9
,,, , , , , , , , , , , , , , , , , , , , , , , , , , , , , , , , , , , , 
抽蓄發電,明潭#6,267.0,0.0,0.0,0.0,0.0,0.0,0.0,0.0,0.0,0.0,0.0,0.0,0.0,0.0,0.0,0.0,0.0,0.0,0.0,0.0,0.0,0.0,0.0,0.0,0.0,0.0,0.0,0.0,0.0,0.0,0.0,0.0,0.0,0.0,0.0,0.0,0.0
,,, , , , , , , , , , , , , , , , , , , , , , , , , , , , , , , , , , , , 
抽蓄負載,大觀二#1,-,0.0,0.0,0.0,0.0,0.0,0.0,0.0,0.0,0.0,0.0,0.0,0.0,0.0,0.0,0.0,0.0,0.0,0.0,0.0,0.0,0.0,0.0,0.0,0.0,0.0,0.0,0.0,0.0,0.0,0.0,0.0,0.0,0.0,0.0,0.0,0.0
,,, , , , , , , , , , , , , , , , , , , , , , , , , , , , , , , , , , , , 
抽蓄負載,大觀二#2,-,0.0,0.0,0.0,0.0,0.0,-27.1,0.0,0.0,0.0,0.0,0.0,0.0,0.0,0.0,0.0,0.0,0.0,0.0,0.0,0.0,0.0,0.0,0.0,0.0,0.0,0.0,0.0,0.0,0.0,0.0,0.0,0.0,0.0,0.0,0.0,0.0
,,, , , , , , , , , , , , , , , , , , , , , , , , , , , , , , , , , , , , 
抽蓄負載,大觀二#3,-,0.0,0.0,0.0,0.0,-62.2,-231.7,-232.7,-231.0,-231.3,-231.7,-231.0,-232.4,0.0,0.0,0.0,0.0,0.0,0.0,0.0,0.0,0.0,0.0,0.0,0.0,0.0,0.0,0.0,0.0,0.0,0.0,0.0,0.0,0.0,0.0,0.0,0.0
,,, , , , , , , , , , , , , , , , , , , , , , , , , , , , , , , , , , , , 
抽蓄負載,大觀二#4,-,0.0,0.0,0.0,0.0,0.0,0.0,0.0,0.0,0.0,0.0,0.0,0.0,0.0,0.0,0.0,0.0,0.0,0.0,0.0,0.0,0.0,0.0,0.0,0.0,0.0,0.0,0.0,0.0,0.0,0.0,0.0,0.0,0.0,0.0,0.0,-4.9
,,, , , , , , , , , , , , , , , , , , , , , , , , , , , , , , , , , , , , 
抽蓄負載,明潭#1,-,0.0,0.0,0.0,0.0,0.0,0.0,0.0,0.0,0.0,0.0,0.0,0.0,0.0,0.0,0.0,0.0,0.0,0.0,0.0,0.0,0.0,0.0,0.0,0.0,0.0,0.0,0.0,0.0,0.0,0.0,0.0,0.0,0.0,0.0,0.0,0.0
,,, , , , , , , , , , , , , , , , , , , , , , , , , , , , , , , , , , , , 
抽蓄負載,明潭#2,-,0.0,0.0,0.0,0.0,0.0,0.0,0.0,0.0,0.0,0.0,0.0,0.0,0.0,0.0,0.0,0.0,0.0,0.0,0.0,0.0,0.0,0.0,0.0,0.0,0.0,0.0,0.0,0.0,0.0,0.0,0.0,0.0,0.0,0.0,0.0,0.0
,,, , , , , , , , , , , , , , , , , , , , , , , , , , , , , , , , , , , , 
抽蓄負載,明潭#3,-,0.0,0.0,0.0,0.0,0.0,0.0,0.0,0.0,0.0,0.0,0.0,0.0,0.0,0.0,0.0,0.0,0.0,0.0,0.0,0.0,0.0,0.0,0.0,0.0,0.0,0.0,0.0,0.0,0.0,0.0,0.0,0.0,0.0,0.0,0.0,0.0
,,, , , , , , , , , , , , , , , , , , , , , , , , , , , , , , , , , , , , 
抽蓄負載,明潭#4,-,0.0,0.0,0.0,0.0,0.0,0.0,0.0,0.0,0.0,0.0,0.0,0.0,0.0,0.0,0.0,0.0,0.0,0.0,0.0,0.0,0.0,0.0,0.0,0.0,0.0,0.0,0.0,0.0,0.0,0.0,0.0,0.0,0.0,0.0,0.0,0.0
,,, , , , , , , , , , , , , , , , , , , , , , , , , , , , , , , , , , , , 
抽蓄負載,明潭#5,-,0.0,0.0,0.0,0.0,0.0,0.0,0.0,0.0,0.0,0.0,0.0,0.0,0.0,0.0,0.0,0.0,0.0,0.0,0.0,0.0,0.0,0.0,0.0,0.0,0.0,0.0,0.0,0.0,0.0,0.0,0.0,0.0,0.0,0.0,0.0,0.0
,,, , , , , , , , , , , , , , , , , , , , , , , , , , , , , , , , , , , , 
抽蓄負載,明潭#6,-,0.0,0.0,0.0,0.0,0.0,0.0,0.0,0.0,0.0,0.0,0.0,0.0,0.0,0.0,0.0,0.0,0.0,0.0,0.0,0.0,0.0,0.0,0.0,0.0,0.0,0.0,0.0,0.0,0.0,0.0,0.0,0.0,0.0,0.0,0.0,0.0
,,, , , , , , , , , , , , , , , , , , , , , , , , , , , , , , , , , , , , 
其它再生能源,地熱,5.0,0.0,0.0,0.0,0.0,0.0,0.0,0.0,0.0,0.0,0.0,0.0,0.0,0.0,0.0,0.0,0.0,0.0,0.0,0.1,0.1,0.1,0.1,0.1,0.1,0.0,0.0,0.0,0.0,0.1,0.1,0.1,0.1,0.1,0.1,0.1,0.0
,,, , , , , , , , , , , , , , , , , , , , , , , , , , , , , , , , , , , , 
其它再生能源,生質能,12.5,4.4,4.4,4.4,4.4,4.4,4.4,4.4,4.4,4.4,4.4,4.4,4.4,4.4,4.4,4.4,4.4,4.4,4.4,4.4,4.4,4.4,4.4,4.4,4.4,4.4,4.4,4.4,4.4,4.4,4.4,4.4,4.4,4.4,4.4,4.4,4.4
,,, , , , , , , , , , , , , , , , , , , , , , , , , , , , , , , , , , , , 
,,
核能,小計,2887.0,2345.2,2343.9,2345.2,2345.2,2341.9,2347.8,2346.8,2346.8,2343.4,2346.0,2347.3,2351.8,2349.6,2353.0,2349.7,2357.9,2357.9,2365.2,2366.5,2368.9,2368.7,2371.4,2371.6,2372.7,2372.7,2380.0,2380.0,2380.0,2382.7,2382.7,2379.3,2382.7,2386.3,2387.8,2385.4,2390.5
燃煤,小計,11600.0,9864.3,9890.7,9845.6,9832.9,9829.6,9780.7,9761.7,9909.7,9744.6,9761.9,9744.8,9753.0,9745.2,9712.5,9728.2,9745.8,9745.8,9732.3,9734.0,9747.7,9717.4,9695.0,9646.3,9702.0,9724.4,9812.9,9812.9,9812.9,9785.9,9785.9,9807.6,9780.4,9776.8,9818.9,9801.3,9816.5
汽電共生,小計,618.0,411.4,413.2,453.5,430.3,376.9,442.3,416.0,271.0,393.3,423.1,421.1,379.5,399.5,436.4,435.7,437.5,437.5,454.1,437.7,498.7,519.1,571.7,501.1,454.7,493.9,489.6,489.6,489.6,558.0,558.0,438.4,505.7,472.4,480.1,566.9,523.5
民營電廠-燃煤,小計,3097.1,2513.7,2514.8,2524.9,2530.9,2524.0,2513.7,2516.3,2528.6,2520.6,2540.9,2532.2,2533.7,2517.9,2528.1,2516.9,2520.7,2520.7,2541.1,2518.5,2526.1,2515.2,2537.8,2529.3,2530.5,2527.2,2553.7,2553.7,2553.7,2528.0,2528.0,2531.2,2528.3,2529.4,2548.0,2534.8,2534.2
燃氣,小計,13149.0,11065.0,11005.3,11155.5,11068.4,11200.2,11379.5,11452.9,11567.7,11612.1,11485.8,11531.0,11583.8,11486.1,11573.2,11480.5,11309.1,11309.1,10946.4,10945.1,10718.7,10811.0,10794.9,10877.9,10823.3,10896.7,10896.2,10896.2,10896.2,11009.3,11009.3,11082.2,11240.2,11001.9,10961.6,11049.7,11184.2
民營電廠-燃氣,小計,5230.6,1973.2,2088.3,2165.9,2351.9,2366.7,2421.5,2426.6,2464.5,2591.3,2765.3,2994.5,3271.9,3300.7,3383.7,3461.8,3511.1,3511.1,3745.3,4022.5,4025.9,4075.1,4041.5,4258.8,4255.7,4173.6,4301.7,4301.7,4301.7,4385.9,4385.9,4420.3,4437.0,4440.8,4446.8,4447.9,4452.8
燃油,小計,1129.8,306.4,306.0,306.2,305.8,306.3,307.8,305.0,307.0,308.5,306.4,305.3,325.6,387.9,462.9,532.2,565.2,565.2,564.7,571.8,566.9,566.8,566.3,568.4,567.6,567.6,568.7,568.7,568.7,566.4,566.4,569.0,609.0,660.9,711.3,760.2,832.6
輕油,小計,462.7,51.9,51.9,51.9,51.9,51.9,51.9,51.9,51.9,51.9,51.9,51.9,51.9,51.9,51.9,51.9,51.9,51.9,51.9,51.9,51.9,51.9,51.9,51.9,51.9,51.9,51.9,51.9,51.9,51.9,51.9,51.9,51.9,51.9,51.9,51.9,51.9
水力,小計,2092.5,406.5,421.1,437.2,421.9,482.4,526.8,463.5,474.6,571.1,481.6,530.7,399.3,487.0,413.0,401.1,412.3,412.3,391.2,398.2,390.0,398.7,394.7,394.6,446.2,477.8,573.7,573.7,573.7,523.5,523.5,591.9,547.3,638.9,610.5,618.3,625.9
風力,小計,965.1,203.9,192.9,177.9,177.9,171.3,163.7,158.9,156.2,153.2,153.7,143.9,136.1,131.6,132.3,134.8,138.4,138.4,139.4,139.1,142.6,145.6,150.4,157.4,164.8,142.4,124.2,124.2,124.2,132.7,132.7,133.0,140.3,139.9,146.0,149.7,148.2
太陽能,小計,8118.1,5086.3,5104.8,5172.6,5195.7,5150.8,5173.4,5262.0,5232.5,5253.3,5266.2,5192.2,5202.7,5183.2,5133.7,5038.7,5003.5,5003.5,4890.5,4826.5,4716.9,4637.4,4582.9,4453.9,4253.2,4095.1,3804.5,3804.5,3804.5,3595.8,3595.8,3415.8,3217.4,3012.4,2797.5,2577.8,2358.0
抽蓄發電,小計,2602.0,454.1,429.9,405.4,300.0,373.7,27.4,0.0,0.0,0.0,0.0,0.0,111.0,162.5,155.4,141.9,304.4,304.4,275.2,285.9,280.2,272.4,281.5,284.2,303.7,425.5,317.5,317.5,317.5,268.8,268.8,377.7,365.9,423.9,447.0,448.6,423.8
其它再生能源,小計,17.5,4.4,4.4,4.4,4.4,4.4,4.4,4.4,4.4,4.4,4.4,4.4,4.4,4.4,4.4,4.4,4.4,4.4,4.4,4.5,4.5,4.5,4.5,4.5,4.5,4.4,4.4,4.4,4.4,4.5,4.5,4.5,4.5,4.5,4.5,4.5,4.4
,,
即時供電能力,,,4300.4,4300.4,4303.9,4308.1,4303.1,4304.6,4313.2,4309.9,4311.9,4313.1,4304.6,4305.1,4302.8,4297.9,4288.5,4285.6,4274.4,4274.4,4267.8,4257.4,4249.6,4244.9,4232.7,4213.5,4195.4,4164.6,4164.6,4164.6,4144.5,4144.5,4126.6,4117.8,4087.3,4077.2,4044.6,4022.5
使用率,,,80.8%,80.8%,81.4%,81.3%,81.6%,81.0%,81.0%,81.4%,81.9%,82.0%,82.6%,83.3%,84.1%,84.6%,84.6%,84.8%,84.5%,84.5%,85.1%,84.7%,84.9%,84.9%,85.3%,85.3%,85.7%,86.2%,86.2%,86.2%,86.4%,86.4%,86.3%,87.0%,87.0%,86.9%,87.5%,87.9%
