能源別,機組別,機組容量,13:50,13:50,14:00,14:10,14:20,14:30,14:40,14:50,15:00,15:10,15:20,15:30,15:40,15:50
核能,核二#2,985.0,965.2,965.2,962.5,961.2,959.8,962.5,961.2,962.5,963.8,963.8,962.5,963.8,963.8,965.2
,,, , , , , , , , , , , , , , 
核能,核三#1,951.0,937.0,937.0,938.1,937.0,937.0,937.0,935.8,937.0,937.0,937.0,937.0,937.0,937.0,937.0
,,, , , , , , , , , , , , , , 
核能,核三#2,951.0,935.8,935.8,935.8,934.7,934.7,933.5,933.5,934.7,933.5,933.5,933.5,933.5,933.5,933.5
,,, , , , , , , , , , , , , , 
燃煤,林口#1,800.0,751.8,751.8,752.9,757.7,755.2,758.1,758.3,757.0,756.5,755.7,753.5,751.3,750.9,752.3
,,, , , , , , , , , , , , , , 
燃煤,林口#2,800.0,754.8,754.8,755.2,761.3,758.7,761.8,762.1,758.1,756.4,758.7,757.6,755.6,757.7,756.8
,,, , , , , , , , , , , , , , 
燃煤,林口#3,800.0,748.7,748.7,750.8,756.0,751.7,751.7,752.9,749.2,749.1,754.5,752.6,751.7,755.0,753.0
,,, , , , , , , , , , , , , , 
燃煤,台中#1,550.0,267.9,267.9,272.6,280.6,276.7,274.3,277.6,277.0,265.9,290.5,267.9,273.2,282.2,307.6
,,,運轉限制,運轉限制,運轉限制,運轉限制,運轉限制,運轉限制,運轉限制,運轉限制,運轉限制,運轉限制,運轉限制,運轉限制,運轉限制,運轉限制
燃煤,台中#2,550.0,496.1,496.1,495.6,517.1,517.2,517.2,517.1,516.1,516.2,515.9,515.8,515.9,516.1,516.4
,,,運轉限制,運轉限制,運轉限制, , , , , , , , , , , 
燃煤,台中#3,550.0,498.3,498.3,497.5,499.9,493.3,494.2,495.6,494.9,495.1,496.7,493.8,494.7,491.3,496.2
,,,運轉限制,運轉限制,運轉限制,運轉限制,運轉限制,運轉限制,運轉限制,運轉限制,運轉限制,運轉限制,運轉限制,運轉限制,運轉限制,運轉限制
燃煤,台中#4,550.0,510.7,510.7,506.8,513.2,513.8,512.1,519.9,513.4,509.5,514.6,507.5,512.7,509.8,515.3
,,,運轉限制,運轉限制,運轉限制,運轉限制, , , , , , , , , , 
燃煤,台中#5,550.0,529.5,529.5,529.6,529.8,529.3,529.5,526.4,528.6,529.0,530.5,530.7,531.3,526.6,527.4
,,, , , , , , , , , , , , , , 
燃煤,台中#6,550.0,533.9,533.9,534.7,533.3,534.8,531.6,531.8,533.6,533.7,536.0,536.0,535.1,534.5,533.6
,,, , , , , , , , , , , , , , 
燃煤,台中#7,550.0,0.0,0.0,0.0,0.0,0.0,0.0,0.0,0.0,0.0,0.0,0.0,0.0,0.0,0.0
,,,歲修,歲修,歲修,歲修,歲修,歲修,歲修,歲修,歲修,歲修,歲修,歲修,歲修,歲修
燃煤,台中#8,550.0,534.2,534.2,530.3,535.6,535.6,525.7,520.4,527.3,529.6,535.8,536.6,534.4,534.5,532.6
,,, , , , , , , , , , , , , , 
燃煤,台中#9,550.0,499.6,499.6,500.4,501.8,500.4,498.4,500.4,495.0,498.6,494.5,493.8,492.9,493.7,494.6
,,,運轉限制,運轉限制,運轉限制,運轉限制,運轉限制,運轉限制,運轉限制,運轉限制,運轉限制,運轉限制,運轉限制,運轉限制,運轉限制,運轉限制
燃煤,台中#10,550.0,534.9,534.9,533.6,537.0,537.0,539.0,539.7,541.1,541.8,537.7,539.7,531.5,530.2,528.1
,,,運轉限制,運轉限制,運轉限制,運轉限制,運轉限制,運轉限制,運轉限制,運轉限制,運轉限制,運轉限制,運轉限制,運轉限制,運轉限制,運轉限制
燃煤,興達#1,500.0,470.2,470.2,470.8,479.0,468.3,468.3,467.6,467.0,467.0,465.7,464.5,470.2,470.2,468.3
,,, , , , , , , , , , , , , , 
燃煤,興達#2,500.0,473.3,473.3,472.1,473.3,474.0,474.6,477.8,472.1,477.1,482.2,477.8,480.9,474.0,479.6
,,, , , , , , , , , , , , , , 
燃煤,興達#3,550.0,519.1,519.1,522.9,520.6,519.8,522.1,520.6,518.3,519.8,518.3,524.4,517.5,514.4,520.6
,,, , , , , , , , , , , , , , 
燃煤,興達#4,550.0,523.2,523.2,519.4,512.5,523.2,524.0,517.1,511.7,517.8,521.7,519.4,519.4,519.4,518.6
,,, , , , , , , , , , , , , , 
燃煤,大林#1,800.0,754.6,754.6,756.2,756.2,756.2,758.6,760.1,757.0,758.6,758.6,757.0,756.2,754.6,756.2
,,, , , , , , , , , , , , , , 
燃煤,大林#2,800.0,719.3,719.3,719.3,720.0,719.3,722.4,722.4,719.3,722.4,720.8,720.8,718.4,715.4,715.4
,,,運轉限制,運轉限制,運轉限制,運轉限制,運轉限制,運轉限制,運轉限制,運轉限制,運轉限制,運轉限制,運轉限制,運轉限制,運轉限制,運轉限制
汽電共生,汽電共生,618.0,572.6,572.6,588.5,523.0,549.2,528.1,474.6,518.4,530.6,555.9,489.1,560.7,508.8,536.0
,,, , , , , , , , , , , , , , 
民營電廠-燃煤,和平#1,648.6,599.5,599.5,601.3,593.4,601.3,600.4,595.6,598.3,601.9,606.5,597.3,601.5,599.3,601.4
,,, , , , , , , , , , , , , , 
民營電廠-燃煤,和平#2,648.6,593.6,593.6,596.1,593.6,597.7,598.4,599.2,600.0,595.6,594.0,598.5,599.6,591.6,603.9
,,, , , , , , , , , , , , , , 
民營電廠-燃煤,麥寮#1,600.0,568.2,568.2,568.6,570.0,566.6,570.8,569.9,568.8,569.7,569.3,567.7,567.8,566.8,567.8
,,, , , , , , , , , , , , , , 
民營電廠-燃煤,麥寮#2,600.0,569.4,569.4,569.9,569.9,571.6,570.8,570.8,569.8,573.2,571.4,568.9,570.4,571.1,572.9
,,, , , , , , , , , , , , , , 
民營電廠-燃煤,麥寮#3,600.0,573.4,573.4,574.9,571.8,572.3,572.3,575.0,571.7,574.5,574.0,572.3,574.0,572.8,572.2
,,, , , , , , , , , , , , , , 
燃氣,大潭CC#1,742.7,593.8,593.8,592.3,590.9,591.5,589.9,589.2,590.5,591.2,590.0,588.9,588.2,588.3,587.6
,,,運轉限制,運轉限制,運轉限制,運轉限制,運轉限制,運轉限制,運轉限制,運轉限制,運轉限制,運轉限制,運轉限制,運轉限制,運轉限制,運轉限制
燃氣,大潭CC#2,742.7,646.8,646.8,645.8,647.3,648.5,648.8,648.7,647.2,647.8,648.2,647.2,647.7,646.2,647.2
,,,運轉限制,運轉限制,運轉限制,運轉限制,運轉限制,運轉限制,運轉限制,運轉限制,運轉限制,運轉限制,運轉限制,運轉限制,運轉限制,運轉限制
燃氣,大潭CC#3,724.7,647.8,647.8,652.0,653.1,654.0,651.2,651.3,654.8,652.2,656.8,654.2,656.5,654.7,654.7
,,, , , , , , , , , , , , , , 
燃氣,大潭CC#4,724.7,673.2,673.2,675.0,671.3,675.5,675.2,674.2,675.6,675.1,673.2,675.2,674.6,679.0,674.7
,,, , , , , , , , , , , , , , 
燃氣,大潭CC#5,724.7,681.5,681.5,678.7,677.7,682.1,681.5,682.1,686.4,686.0,682.6,683.4,683.4,684.4,675.1
,,, , , , , , , , , , , , , , 
燃氣,大潭CC#6,724.7,677.0,677.0,677.1,678.5,678.6,678.6,678.6,678.5,678.5,675.5,678.4,676.9,678.4,674.1
,,, , , , , , , , , , , , , , 
燃氣,大潭CC#7,600.0,534.6,534.6,532.8,531.9,534.6,532.8,532.8,532.8,533.7,534.6,532.8,534.6,533.7,534.6
,,, , , , , , , , , , , , , , 
燃氣,通霄CC#1,892.6,848.6,848.6,853.1,852.6,849.6,848.2,848.0,855.1,847.0,836.4,842.7,838.9,841.3,842.3
,,, , , , , , , , , , , , , , 
燃氣,通霄CC#2,892.6,860.4,860.4,861.8,866.3,862.0,860.0,863.2,866.8,859.9,853.8,860.3,856.8,854.3,856.7
,,, , , , , , , , , , , , , , 
燃氣,通霄CC#3,892.6,859.7,859.7,863.2,864.1,860.2,858.8,866.0,868.7,859.7,850.0,858.6,855.1,853.6,855.0
,,, , , , , , , , , , , , , , 
燃氣,通霄CC#4,386.0,333.5,333.5,333.8,333.5,334.2,333.4,332.8,333.2,332.9,333.1,332.5,332.6,332.8,332.9
,,,運轉限制,運轉限制,運轉限制,運轉限制,運轉限制,運轉限制,運轉限制,運轉限制,運轉限制,運轉限制,運轉限制,運轉限制,運轉限制,運轉限制
燃氣,通霄CC#5,386.0,358.0,358.0,357.7,357.0,356.8,356.8,356.7,357.2,357.4,357.0,356.1,356.8,356.8,356.7
,,, , , , , , , , , , , , , , 
燃氣,通霄CC#6,321.2,311.1,311.1,312.2,310.3,311.3,309.9,310.8,311.4,310.4,311.6,310.6,310.7,310.9,311.2
,,, , , , , , , , , , , , , , 
燃氣,興達CC#1,445.2,457.3,457.3,458.2,457.7,457.7,457.1,456.3,457.9,457.4,458.4,456.2,457.2,456.3,457.0
,,, , , , , , , , , , , , , , 
燃氣,興達CC#2,445.2,405.2,405.2,406.2,411.2,407.2,409.4,411.0,407.0,407.0,405.3,406.4,405.5,404.7,404.9
,,, , , , , , , , , , , , , , 
燃氣,興達CC#3,445.2,456.3,456.3,457.4,456.5,457.0,457.2,455.7,456.5,457.4,456.4,456.7,457.6,457.4,457.8
,,, , , , , , , , , , , , , , 
燃氣,興達CC#4,445.2,386.2,386.2,385.8,385.1,386.2,385.0,385.3,385.5,385.2,384.8,385.5,385.5,385.4,384.7
,,, , , , , , , , , , , , , , 
燃氣,興達CC#5,445.2,449.2,449.2,449.8,448.6,448.7,448.5,448.3,448.9,448.2,449.1,448.8,449.1,448.2,447.9
,,, , , , , , , , , , , , , , 
燃氣,南部CC#1,288.8,296.1,296.1,296.1,296.1,296.1,295.8,296.4,296.6,296.0,296.7,295.8,296.1,296.1,296.1
,,, , , , , , , , , , , , , , 
燃氣,南部CC#2,288.8,291.3,291.3,291.4,290.2,290.7,291.0,291.0,291.1,290.7,291.3,291.1,291.3,290.5,290.7
,,, , , , , , , , , , , , , , 
燃氣,南部CC#3,288.8,292.8,292.8,293.1,293.0,292.5,292.7,292.7,292.8,292.8,293.3,292.7,293.3,292.5,292.7
,,, , , , , , , , , , , , , , 
燃氣,南部CC#4,251.4,234.9,234.9,235.7,234.0,234.5,234.5,234.0,234.5,234.5,234.5,234.5,235.7,234.9,234.5
,,, , , , , , , , , , , , , , 
燃氣,大林#5,500.0,429.6,429.6,428.3,427.6,427.6,428.3,427.0,427.6,428.9,428.3,430.9,427.0,427.0,428.9
,,, , , , , , , , , , , , , , 
燃氣,大林#6,550.0,537.6,537.6,539.9,540.7,540.7,536.1,537.6,539.1,540.7,537.6,538.4,540.7,536.8,539.9
,,,環保檢測,環保檢測,環保檢測,環保檢測,環保檢測,環保檢測,環保檢測,環保檢測,環保檢測,環保檢測,環保檢測,環保檢測,環保檢測,環保檢測
民營電廠-燃氣,海湖#1,450.0,446.6,446.6,446.4,445.7,446.4,446.6,445.5,446.1,447.5,447.3,445.9,447.1,446.6,447.9
,,, , , , , , , , , , , , , , 
民營電廠-燃氣,海湖#2,450.0,446.0,446.0,446.3,444.3,445.5,447.0,445.3,447.0,447.0,447.0,445.8,444.8,445.8,447.1
,,, , , , , , , , , , , , , , 
民營電廠-燃氣,新桃#1,630.0,436.7,436.7,434.6,434.6,435.7,436.2,436.2,436.2,436.7,437.8,435.7,436.7,437.3,437.8
,,,部分故障,部分故障,部分故障,部分故障,部分故障,部分故障,部分故障,部分故障,部分故障,部分故障,部分故障,部分故障,部分故障,部分故障
民營電廠-燃氣,國光#1,480.0,442.4,442.4,442.7,440.8,440.7,443.8,442.2,442.6,444.0,445.1,445.4,446.6,444.2,445.9
,,, , , , , , , , , , , , , , 
民營電廠-燃氣,星彰#1,506.9,485.3,485.3,484.5,484.0,486.3,487.4,483.9,486.8,485.4,487.1,486.4,485.8,483.9,486.0
,,, , , , , , , , , , , , , , 
民營電廠-燃氣,星元#1,490.0,507.7,507.7,506.5,507.4,506.6,507.1,507.7,506.9,507.7,508.3,508.0,508.3,506.9,507.4
,,, , , , , , , , , , , , , , 
民營電廠-燃氣,嘉惠#1,700.0,687.0,687.0,687.0,687.0,687.0,687.0,687.0,687.0,687.0,687.0,687.0,687.0,687.0,687.0
,,, , , , , , , , , , , , , , 
民營電廠-燃氣,嘉惠#2,510.0,490.2,490.2,488.9,490.4,497.3,497.9,493.2,497.4,495.4,494.6,492.6,493.7,497.3,496.6
,,, , , , , , , , , , , , , , 
民營電廠-燃氣,豐德#1,506.9,466.0,466.0,464.9,462.4,467.9,466.2,464.8,466.1,468.2,468.7,468.3,467.1,468.7,468.9
,,, , , , , , , , , , , , , , 
民營電廠-燃氣,豐德#2,506.9,465.1,465.1,464.4,462.0,466.6,466.5,463.3,465.1,467.8,466.8,466.0,466.7,468.3,468.5
,,, , , , , , , , , , , , , , 
燃油,協和#3,500.0,440.1,440.1,440.7,439.5,440.1,439.5,438.8,439.5,440.1,432.4,419.0,416.5,416.5,416.5
,,,運轉限制,運轉限制,運轉限制,運轉限制,運轉限制,運轉限制,運轉限制,運轉限制,運轉限制,運轉限制,運轉限制,運轉限制,運轉限制,運轉限制
燃油,協和#4,500.0,407.8,407.8,407.1,406.5,406.5,404.6,404.6,405.2,405.2,404.6,405.2,405.2,405.2,405.2
,,,運轉限制,運轉限制,運轉限制,運轉限制,運轉限制,運轉限制,運轉限制,運轉限制,運轉限制,運轉限制,運轉限制,運轉限制,運轉限制,運轉限制
燃油,澎湖尖山,129.8,68.6,68.6,76.7,81.1,82.5,83.2,84.3,84.5,82.5,87.4,89.3,87.5,87.9,88.3
,,, , , , , , , , , , , , , , 
輕油,核二Gas1,-,0.0,0.0,0.0,0.0,0.0,0.0,0.0,0.0,0.0,0.0,0.0,0.0,0.0,0.0
,,, , , , , , , , , , , , , , 
輕油,核二Gas2,-,0.0,0.0,0.0,0.0,0.0,0.0,0.0,0.0,0.0,0.0,0.0,0.0,0.0,0.0
,,, , , , , , , , , , , , , , 
輕油,核三Gas1,-,0.0,0.0,0.0,0.0,0.0,0.0,0.0,0.0,0.0,0.0,0.0,0.0,0.0,0.0
,,, , , , , , , , , , , , , , 
輕油,核三Gas2,-,0.0,0.0,0.0,0.0,0.0,0.0,0.0,0.0,0.0,0.0,0.0,0.0,0.0,0.0
,,, , , , , , , , , , , , , , 
輕油,台中Gas1&2,140.0,0.0,0.0,0.0,0.0,0.0,0.0,0.0,0.0,0.0,0.0,0.0,0.0,0.0,0.0
,,, , , , , , , , , , , , , , 
輕油,台中Gas3&4,140.0,0.0,0.0,0.0,0.0,0.0,0.0,0.0,0.0,0.0,0.0,0.0,0.0,0.0,0.0
,,, , , , , , , , , , , , , , 
輕油,金門塔山,113.3,50.9,50.9,50.9,50.9,50.9,50.9,50.9,50.9,50.9,50.9,50.9,50.9,50.9,50.9
,,, , , , , , , , , , , , , , 
輕油,馬祖珠山,28.6,1.0,1.0,1.0,1.0,1.0,1.0,1.0,1.0,1.0,1.0,1.0,1.0,1.0,1.0
,,, , , , , , , , , , , , , , 
輕油,離島其他,40.8,N/A,N/A,N/A,N/A,N/A,N/A,N/A,N/A,N/A,N/A,N/A,N/A,N/A,N/A
,,, , , , , , , , , , , , , , 
水力,德基#1,78.0,30.4,30.4,30.8,36.1,29.4,29.5,29.5,30.7,29.9,30.9,37.4,30.1,29.9,29.7
,,, , , , , , , , , , , , , , 
水力,德基#2,78.0,0.0,0.0,0.0,0.0,0.0,0.0,0.0,0.0,0.0,0.0,0.0,30.5,29.9,31.3
,,, , , , , , , , , , , , , , 
水力,德基#3,78.0,0.0,0.0,0.0,0.0,0.0,0.0,0.0,0.0,0.0,31.6,36.6,30.6,30.4,30.1
,,, , , , , , , , , , , , , , 
水力,青山#1,92.0,5.4,5.4,6.7,6.1,7.1,5.9,6.4,5.6,12.3,5.6,15.1,29.3,44.9,50.7
,,, , , , , , , , , , , , , , 
水力,青山#2,92.0,5.2,5.2,6.6,6.6,7.1,6.4,6.2,5.9,11.9,6.1,15.4,30.0,45.2,50.9
,,, , , , , , , , , , , , , , 
水力,青山#3,92.0,5.7,5.7,6.6,6.4,6.1,6.1,6.4,5.9,12.8,6.2,15.3,30.0,43.9,50.5
,,, , , , , , , , , , , , , , 
水力,青山#4,92.0,5.2,5.2,6.7,6.4,6.6,5.9,6.2,6.2,12.4,6.4,14.6,30.1,44.9,51.0
,,, , , , , , , , , , , , , , 
水力,谷關#1,54.4,0.0,0.0,0.0,0.0,0.0,0.0,0.0,0.0,0.0,0.0,8.6,8.2,9.2,8.5
,,, , , , , , , , , , , , , , 
水力,谷關#2,54.4,42.0,42.0,43.0,43.6,44.0,45.1,44.9,53.7,54.8,55.2,50.7,39.7,30.9,30.9
,,, , , , , , , , , , , , , , 
水力,谷關#3,54.4,0.0,0.0,0.0,0.0,0.0,0.0,0.0,0.0,50.9,51.1,52.2,52.1,52.4,51.6
,,, , , , , , , , , , , , , , 
水力,谷關#4,54.4,0.0,0.0,0.0,0.0,0.0,0.0,0.0,0.0,26.0,11.3,50.8,52.0,52.7,51.6
,,, , , , , , , , , , , , , , 
水力,天輪#1,22.5,0.0,0.0,0.0,0.0,0.0,0.0,0.0,0.0,0.0,3.1,3.1,5.2,16.0,21.0
,,, , , , , , , , , , , , , , 
水力,天輪#2,22.5,7.8,7.8,7.8,7.8,7.8,7.8,7.8,7.8,6.0,4.0,4.0,5.0,13.1,18.9
,,, , , , , , , , , , , , , , 
水力,天輪#3,22.5,9.3,9.3,9.3,9.3,9.3,9.3,9.3,5.8,3.8,4.0,4.0,5.0,13.1,17.6
,,, , , , , , , , , , , , , , 
水力,天輪#4,22.5,0.0,0.0,0.0,0.0,0.0,0.0,0.0,4.9,3.8,3.8,3.8,11.6,20.6,21.2
,,, , , , , , , , , , , , , , 
水力,天輪#5,105.0,20.0,20.0,20.3,20.3,20.0,20.2,21.2,19.3,19.4,19.5,28.8,64.7,54.7,55.1
,,, , , , , , , , , , , , , , 
水力,馬鞍#1,66.7,13.0,13.0,13.0,13.1,12.8,12.8,13.1,13.6,12.2,12.6,13.4,30.3,35.9,40.5
,,, , , , , , , , , , , , , , 
水力,馬鞍#2,66.7,9.2,9.2,10.1,10.0,10.1,10.7,10.2,10.3,9.8,9.6,10.2,30.4,29.0,37.4
,,, , , , , , , , , , , , , , 
水力,卓蘭#1,40.0,0.0,0.0,0.0,0.0,0.0,0.0,0.0,0.0,0.0,0.0,0.0,0.0,0.0,0.0
,,, , , , , , , , , , , , , , 
水力,卓蘭#2,40.0,0.0,0.0,0.0,0.0,0.0,0.0,0.0,0.0,0.0,0.0,0.0,0.0,0.0,0.0
,,, , , , , , , , , , , , , , 
水力,萬大#1,10.4,10.1,10.1,10.0,10.0,10.0,10.0,10.0,10.0,10.0,10.0,10.1,10.0,9.9,9.9
,,, , , , , , , , , , , , , , 
水力,萬大#2,10.4,10.1,10.1,10.1,10.1,10.0,10.0,10.0,10.0,10.0,10.0,10.0,10.0,10.0,10.0
,,, , , , , , , , , , , , , , 
水力,萬大#3,15.3,6.5,6.5,6.4,6.1,6.0,6.2,6.0,6.1,6.1,6.0,6.1,6.0,6.1,7.4
,,, , , , , , , , , , , , , , 
水力,萬大#4,19.7,20.0,20.0,20.0,20.0,20.1,20.1,20.1,20.0,20.2,20.0,20.1,19.9,20.1,20.1
,,, , , , , , , , , , , , , , 
水力,松林#1&2,20.9,9.6,9.6,17.6,17.5,17.5,17.5,17.6,17.6,17.5,17.4,17.5,17.5,17.5,17.4
,,, , , , , , , , , , , , , , 
水力,大觀一#1,22.0,3.5,3.5,6.9,9.4,8.9,9.1,9.4,9.1,12.2,12.3,14.5,12.8,12.9,13.3
,,, , , , , , , , , , , , , , 
水力,大觀一#2,22.0,2.6,2.6,7.0,9.1,9.3,9.5,8.8,9.5,12.2,12.5,15.5,13.1,13.1,13.0
,,, , , , , , , , , , , , , , 
水力,大觀一#3,22.0,2.2,2.2,6.9,9.3,9.4,9.2,9.1,9.0,12.0,11.9,15.3,13.0,13.0,12.9
,,, , , , , , , , , , , , , , 
水力,大觀一#4,22.0,2.7,2.7,6.7,9.3,9.3,9.6,9.0,9.3,12.0,12.2,14.5,12.8,13.0,13.0
,,, , , , , , , , , , , , , , 
水力,大觀一#5,22.0,0.0,0.0,0.0,0.0,0.0,0.0,0.0,0.0,0.0,0.0,0.0,0.0,0.0,0.0
,,,檢修,檢修,檢修,檢修,檢修,檢修,檢修,檢修,檢修,檢修,檢修,檢修,檢修,檢修
水力,鉅工#1,21.8,5.9,5.9,5.8,4.1,4.1,4.1,4.3,5.7,5.6,5.7,8.6,8.6,8.6,8.6
,,, , , , , , , , , , , , , , 
水力,鉅工#2,21.8,6.9,6.9,6.9,4.1,4.1,4.1,5.0,6.3,6.3,6.3,9.4,9.4,9.3,9.4
,,, , , , , , , , , , , , , , 
水力,水里#1,12.8,1.4,1.4,1.6,1.9,1.9,2.0,5.0,5.0,5.0,5.2,5.4,3.3,3.6,3.5
,,, , , , , , , , , , , , , , 
水力,立霧#1&#2,32.0,14.0,14.0,14.0,14.0,14.0,14.0,14.0,14.0,14.0,14.0,14.0,14.0,14.0,14.0
,,, , , , , , , , , , , , , , 
水力,龍澗#1,48.6,11.8,11.8,11.7,11.7,11.7,11.7,11.7,11.7,11.7,11.7,11.7,11.7,11.7,11.7
,,, , , , , , , , , , , , , , 
水力,龍澗#2,48.6,0.0,0.0,0.0,0.0,0.0,0.0,0.0,0.0,0.0,0.0,0.0,0.0,0.0,0.0
,,, , , , , , , , , , , , , , 
水力,碧海,61.2,4.8,4.8,4.8,4.9,4.8,4.8,4.8,4.7,4.8,4.8,4.7,4.7,4.7,4.9
,,, , , , , , , , , , , , , , 
水力,烏來&桂山&粗坑,40.5,11.5,11.5,11.5,11.5,11.3,11.5,11.4,11.5,11.5,11.4,11.5,11.3,11.4,12.1
,,, , , , , , , , , , , , , , 
水力,北部小水力,26.6,N/A,N/A,N/A,N/A,N/A,N/A,N/A,N/A,N/A,N/A,N/A,N/A,N/A,N/A
,,, , , , , , , , , , , , , , 
水力,中部小水力,9.8,N/A,N/A,N/A,N/A,N/A,N/A,N/A,N/A,N/A,N/A,N/A,N/A,N/A,N/A
,,, , , , , , , , , , , , , , 
水力,南部小水力,7.2,N/A,N/A,N/A,N/A,N/A,N/A,N/A,N/A,N/A,N/A,N/A,N/A,N/A,N/A
,,, , , , , , , , , , , , , , 
水力,東部小水力,54.6,30.0,30.0,30.0,30.0,30.0,30.0,30.0,30.0,30.0,30.0,30.0,30.0,30.0,30.0
,,, , , , , , , , , , , , , , 
水力,翡翠#1,70.0,0.0,0.0,0.0,0.0,0.0,0.0,0.0,0.0,0.0,29.9,30.0,74.9,74.6,75.0
,,, , , , , , , , , , , , , , 
水力,石門#1,45.0,0.0,0.0,0.0,0.0,0.0,0.0,0.0,0.0,0.0,0.0,0.0,0.0,0.0,0.0
,,, , , , , , , , , , , , , , 
水力,石門#2,45.0,0.0,0.0,0.0,0.0,0.0,0.0,0.0,0.0,45.8,45.9,46.0,46.0,46.0,46.4
,,, , , , , , , , , , , , , , 
水力,曾文#1,50.0,50.0,50.0,49.8,49.8,50.1,49.8,49.6,49.8,49.8,49.6,49.6,49.6,49.6,49.6
,,, , , , , , , , , , , , , , 
水力,義興#1,40.0,18.2,18.2,18.2,18.1,18.2,18.1,18.2,18.2,24.8,26.6,26.6,26.4,26.6,26.2
,,, , , , , , , , , , , , , , 
水力,名間,16.7,3.9,3.9,4.0,4.0,4.0,4.0,4.0,4.2,4.4,4.4,4.3,4.0,4.0,4.0
,,, , , , , , , , , , , , , , 
水力,嘉南西口、烏山頭和八田,22.5,17.4,17.4,16.3,17.0,16.2,16.3,15.3,15.5,15.3,14.7,14.6,14.2,13.7,13.4
,,, , , , , , , , , , , , , , 
水力,后里示範,0.1,N/A,N/A,N/A,N/A,N/A,N/A,N/A,N/A,N/A,N/A,N/A,N/A,N/A,N/A
,,, , , , , , , , , , , , , , 
水力,卑南,2.0,1.1,1.1,1.1,1.1,1.1,1.1,1.1,1.1,1.1,1.1,1.1,1.1,1.1,1.1
,,, , , , , , , , , , , , , , 
水力,捷祥關山,1.0,0.0,0.0,0.0,0.0,0.0,0.0,0.0,0.0,0.0,0.0,0.0,0.0,0.0,0.0
,,, , , , , , , , , , , , , , 
風力,觀園,30.0,1.7,1.7,1.1,0.7,0.4,0.3,0.2,0.1,0.0,0.0,0.0,0.0,0.0,0.0
,,, , , , , , , , , , , , , , 
風力,台中港,26.0,1.2,1.2,1.1,1.2,0.9,1.0,0.7,0.9,0.9,0.7,0.6,0.8,0.4,0.2
,,, , , , , , , , , , , , , , 
風力,王功,23.0,2.6,2.6,2.2,2.4,2.9,2.6,3.0,3.3,2.7,2.8,2.6,2.8,2.1,1.9
,,, , , , , , , , , , , , , , 
風力,彰工,71.2,9.0,9.0,8.7,8.5,8.5,8.2,8.0,8.0,8.5,8.9,7.2,7.2,5.8,4.8
,,, , , , , , , , , , , , , , 
風力,雲麥,46.0,1.1,1.1,1.0,0.6,0.6,0.9,1.4,1.5,1.7,0.6,1.2,1.1,1.7,1.4
,,, , , , , , , , , , , , , , 
風力,四湖,28.0,1.7,1.7,1.8,1.8,2.1,1.9,2.4,2.8,2.5,2.3,2.5,2.8,2.6,2.4
,,, , , , , , , , , , , , , , 
風力,其它台電自有,72.8,2.7,2.7,2.4,2.3,2.4,2.4,2.4,2.5,1.9,2.1,2.0,2.0,1.6,1.9
,,, , , , , , , , , , , , , , 
風力,苗栗大鵬,42.0,1.2,1.2,0.6,0.6,0.3,0.0,0.3,0.0,0.0,0.0,0.3,0.1,0.1,0.1
,,, , , , , , , , , , , , , , 
風力,鹿威彰濱,55.2,5.6,5.6,5.3,5.0,5.3,4.8,4.8,5.0,5.3,5.6,4.5,4.2,3.1,3.4
,,, , , , , , , , , , , , , , 
風力,觀威觀音&桃威新屋,48.3,1.1,1.1,0.8,0.6,0.6,0.4,0.4,0.4,0.4,0.4,0.1,0.1,0.1,0.1
,,, , , , , , , , , , , , , , 
風力,中威大安,75.9,4.1,4.1,4.8,3.6,2.9,2.0,1.7,1.6,1.4,1.3,1.9,1.5,1.1,1.1
,,, , , , , , , , , , , , , , 
風力,其它購電風力,209.5,8.8,8.8,7.5,6.5,7.7,6.8,7.5,9.3,7.1,6.5,6.5,6.5,5.3,5.2
,,, , , , , , , , , , , , , , 
風力,離岸一期,109.2,5.6,5.6,4.5,4.5,4.2,3.4,4.2,4.8,5.9,5.9,6.2,6.7,5.0,5.3
,,, , , , , , , , , , , , , , 
風力,海洋竹南,128.0,3.4,3.4,2.3,3.6,2.5,1.7,1.7,0.6,0.6,0.6,0.6,0.0,0.0,0.0
,,, , , , , , , , , , , , , , 
風力,允湖,-,2.0,2.0,2.0,2.0,2.0,2.0,2.0,2.0,2.0,2.0,2.0,2.0,2.0,2.0
,,, , , , , , , , , , , , , , 
風力,沃二風,-,0.0,0.0,0.0,0.0,0.0,0.0,0.0,0.0,0.0,0.0,0.0,0.0,0.0,0.0
,,, , , , , , , , , , , , , , 
風力,海能風,-,0.4,0.4,0.4,0.4,0.4,0.4,0.4,0.4,0.4,0.4,0.4,0.4,0.4,0.4
,,, , , , , , , , , , , , , , 
太陽能,彰濱光,100.0,70.560,70.560,68.870,67.120,65.940,63.630,61.880,60.200,57.820,55.580,53.200,50.400,47.390,44.380
,,, , , , , , , , , , , , , , 
太陽能,南鹽光,150.0,99.855,99.855,98.385,97.335,94.290,91.875,90.510,88.095,84.840,80.010,75.285,73.395,69.510,64.155
,,, , , , , , , , , , , , , , 
太陽能,其它台電自有,23.6,10.638,10.638,10.411,10.227,9.915,9.772,8.971,8.901,8.684,7.924,7.700,7.434,7.031,6.292
,,, , , , , , , , , , , , , , 
太陽能,崙尾光,181.0,113.680,113.680,112.560,110.320,108.080,105.560,103.040,99.680,96.320,93.520,89.600,85.400,79.800,75.600
,,, , , , , , , , , , , , , , 
太陽能,天衝光,-,84.000,84.000,84.000,84.000,84.000,84.000,84.000,84.000,84.000,84.000,84.000,84.000,84.000,84.000
,,, , , , , , , , , , , , , , 
太陽能,天篷光,-,57.120,57.120,57.120,57.120,57.120,57.120,57.120,57.120,57.120,57.120,57.120,57.120,57.120,57.120
,,, , , , , , , , , , , , , , 
太陽能,星崴光,-,54.600,54.600,53.480,52.640,50.960,50.120,48.440,46.760,45.080,43.400,41.440,39.760,36.960,34.720
,,, , , , , , , , , , , , , , 
太陽能,碩力光,-,178.568,178.568,175.984,173.672,169.048,164.968,160.616,155.720,150.280,144.432,138.720,132.464,125.936,119.000
,,, , , , , , , , , , , , , , 
太陽能,其它購電太陽能,7663.5,4145.963,4145.963,4114.190,4050.978,3978.015,3910.464,3845.314,3753.802,3590.671,3525.556,3384.508,3222.265,3038.400,2749.222
,,, , , , , , , , , , , , , , 
抽蓄發電,大觀二#1,250.0,0.0,0.0,0.0,0.0,0.0,0.0,0.0,0.0,0.0,0.0,0.0,0.0,0.0,0.0
,,, , , , , , , , , , , , , , 
抽蓄發電,大觀二#2,250.0,0.0,0.0,0.0,0.0,0.0,0.0,0.0,0.0,0.0,0.0,0.0,0.0,0.0,0.0
,,, , , , , , , , , , , , , , 
抽蓄發電,大觀二#3,250.0,197.6,197.6,184.9,173.3,192.7,219.7,225.7,224.3,212.4,213.1,212.4,163.5,186.7,137.8
,,, , , , , , , , , , , , , , 
抽蓄發電,大觀二#4,250.0,0.0,0.0,0.0,0.0,0.0,0.0,0.0,0.0,0.0,0.0,0.0,0.0,0.0,0.0
,,, , , , , , , , , , , , , , 
抽蓄發電,明潭#1,267.0,0.0,0.0,0.0,0.0,0.0,0.0,0.0,0.0,0.0,0.0,0.0,0.0,0.0,0.0
,,, , , , , , , , , , , , , , 
抽蓄發電,明潭#2,267.0,138.9,138.9,143.0,155.4,162.8,190.4,229.7,237.8,184.3,175.6,229.4,149.0,177.3,145.0
,,, , , , , , , , , , , , , , 
抽蓄發電,明潭#3,267.0,175.9,175.9,179.6,186.0,173.6,192.7,225.4,239.8,181.3,177.6,221.7,174.9,176.9,175.2
,,, , , , , , , , , , , , , , 
抽蓄發電,明潭#4,267.0,0.0,0.0,0.0,0.0,0.0,0.0,0.0,0.0,0.0,0.0,0.0,152.4,178.9,147.3
,,, , , , , , , , , , , , , , 
抽蓄發電,明潭#5,267.0,138.6,138.6,138.2,149.7,151.4,191.7,238.5,240.2,184.3,178.9,229.7,149.3,175.6,146.3
,,, , , , , , , , , , , , , , 
抽蓄發電,明潭#6,267.0,0.0,0.0,0.0,0.0,0.0,0.0,0.0,0.0,0.0,0.0,0.0,0.0,0.0,0.0
,,, , , , , , , , , , , , , , 
抽蓄負載,大觀二#1,-,0.0,0.0,0.0,0.0,0.0,0.0,0.0,0.0,0.0,0.0,0.0,0.0,0.0,0.0
,,, , , , , , , , , , , , , , 
抽蓄負載,大觀二#2,-,0.0,0.0,0.0,0.0,0.0,0.0,0.0,0.0,0.0,0.0,0.0,0.0,0.0,0.0
,,, , , , , , , , , , , , , , 
抽蓄負載,大觀二#3,-,0.0,0.0,0.0,0.0,0.0,0.0,0.0,0.0,0.0,0.0,0.0,0.0,0.0,0.0
,,, , , , , , , , , , , , , , 
抽蓄負載,大觀二#4,-,0.0,0.0,0.0,0.0,0.0,0.0,0.0,0.0,0.0,0.0,0.0,0.0,0.0,0.0
,,, , , , , , , , , , , , , , 
抽蓄負載,明潭#1,-,0.0,0.0,0.0,0.0,0.0,0.0,0.0,0.0,0.0,0.0,0.0,0.0,0.0,0.0
,,, , , , , , , , , , , , , , 
抽蓄負載,明潭#2,-,0.0,0.0,0.0,0.0,0.0,0.0,0.0,0.0,0.0,0.0,0.0,0.0,0.0,0.0
,,, , , , , , , , , , , , , , 
抽蓄負載,明潭#3,-,0.0,0.0,0.0,0.0,0.0,0.0,0.0,0.0,0.0,0.0,0.0,0.0,0.0,0.0
,,, , , , , , , , , , , , , , 
抽蓄負載,明潭#4,-,0.0,0.0,0.0,0.0,0.0,0.0,0.0,0.0,0.0,0.0,0.0,0.0,0.0,0.0
,,, , , , , , , , , , , , , , 
抽蓄負載,明潭#5,-,0.0,0.0,0.0,0.0,0.0,0.0,0.0,0.0,0.0,0.0,0.0,0.0,0.0,0.0
,,, , , , , , , , , , , , , , 
抽蓄負載,明潭#6,-,0.0,0.0,0.0,0.0,0.0,0.0,0.0,0.0,0.0,0.0,0.0,0.0,0.0,0.0
,,, , , , , , , , , , , , , , 
其它再生能源,地熱,5.0,0.1,0.1,0.1,0.1,0.1,0.1,0.1,0.1,0.1,0.1,0.1,0.1,0.1,0.1
,,, , , , , , , , , , , , , , 
其它再生能源,生質能,12.5,4.4,4.4,4.4,4.4,4.4,4.4,4.4,4.4,4.4,4.4,4.4,4.4,4.4,4.4
,,, , , , , , , , , , , , , , 
,,
核能,小計,2887.0,2838.0,2838.0,2836.4,2832.9,2831.5,2833.0,2830.5,2834.2,2834.3,2834.3,2833.0,2834.3,2834.3,2835.7
燃煤,小計,11600.0,10120.1,10120.1,10120.7,10184.9,10164.5,10163.6,10167.8,10136.7,10144.1,10188.4,10149.4,10142.9,10130.5,10172.6
汽電共生,小計,618.0,572.6,572.6,588.5,523.0,549.2,528.1,474.6,518.4,530.6,555.9,489.1,560.7,508.8,536.0
民營電廠-燃煤,小計,3097.1,2904.1,2904.1,2910.8,2898.7,2909.5,2912.7,2910.5,2908.6,2914.9,2915.2,2904.7,2913.3,2901.6,2918.2
燃氣,小計,13149.0,12262.5,12262.5,12277.4,12275.2,12277.8,12260.7,12269.7,12295.7,12270.6,12238.5,12257.9,12251.8,12244.2,12237.9
民營電廠-燃氣,小計,5230.6,4873.0,4873.0,4866.2,4858.6,4880.0,4885.7,4869.1,4881.2,4886.7,4889.7,4881.1,4883.8,4886.0,4893.1
燃油,小計,1129.8,916.5,916.5,924.5,927.1,929.1,927.3,927.7,929.2,927.8,924.4,913.5,909.2,909.6,910.0
輕油,小計,462.7,51.9,51.9,51.9,51.9,51.9,51.9,51.9,51.9,51.9,51.9,51.9,51.9,51.9,51.9
水力,小計,2092.5,419.4,419.4,450.2,460.7,454.3,454.4,457.6,470.0,630.3,656.6,777.1,961.1,1043.2,1097.4
風力,小計,965.1,52.1,52.1,46.5,44.2,43.7,38.8,41.0,43.1,41.3,40.1,38.6,38.2,31.3,30.2
太陽能,小計,8118.1,4815.0,4815.0,4775.0,4703.4,4617.4,4537.5,4459.9,4354.3,4174.8,4091.5,3931.6,3752.2,3546.1,3234.5
抽蓄發電,小計,2602.0,651.0,651.0,645.7,664.4,680.5,794.5,919.3,942.1,762.3,745.2,893.2,789.1,895.4,751.6
其它再生能源,小計,17.5,4.5,4.5,4.5,4.5,4.5,4.5,4.5,4.5,4.5,4.5,4.5,4.5,4.5,4.5
,,
即時供電能力,,,4476.2,4476.2,4471.7,4464.3,4455.6,4447.3,4439.6,4429.4,4411.5,4403.1,4395.5,4368.8,4356.1,4316.5
使用率,,,90.4%,90.4%,90.6%,90.6%,90.7%,90.8%,91.0%,91.1%,91.1%,91.2%,91.3%,91.8%,91.8%,91.9%
